120(1)	0	4	2	1	1	1	1	1	0.73	7.30		1	0	0	0	0	0	0	0	0	0	0	0	0	0	0			100.0	4.1	0.0	0.0	83.6	65.8	67.1	116.4	0.0	95.9	6.8	-2.7	9.6	0.0	-2.7	0.0	65.8	65.8	37.0	24.7	53.4	53.4	35.6	27.4	87.7	0.0	0.0	3.3	3.3	184.9	0.31
120(2)	0	4	2	6	1	1	1	1	0.7	8.90		1	0	0	0	0	0	0	0	0	0	0	0	0	0	0			100.0	-2.3	0.0	0.0	87.5	73.9	80.7	117.0	0.0	102.3	13.6	3.4	10.2	3.4	0.0	3.4	90.9	90.9	83.0	72.7	80.7	80.7	38.6	8.0	88.6	0.0	0.0	5.8	4.4	270.5	0.45
120(3)	0	4	2	6	1	1	1	1	0.55	9.40		1	0	0	0	0	0	0	0	0	0	0	0	0	0	0			100.0	-14.9	13.8	13.8	76.6	66.0	73.4	131.9	0.0	114.9	8.5	2.1	6.4	2.1	0.0	2.1	119.1	119.1	119.1	110.6	110.6	110.6	38.3	0.0	106.4	0.0	0.0	8.5	6.8	352.1	0.59
120(4)	0	4	2	6	1	1	1	1	0.43	11.60		1	0	0	0	0	0	0	0	0	0	0	0	0	0	0			100.0	-33.0	23.5	23.5	71.3	65.2	75.7	153.9	0.0	133.0	18.3	9.6	8.7	5.2	4.3	5.2	145.2	145.2	145.2	140.0	140.0	140.0	46.1	0.0	114.8	0.0	0.0	12.1	10.8	446.1	0.74
120(5)	0	4	2	6	1	1	1	1	0.25	7.50		1	0	0	0	0	0	0	0	0	0	0	0	0	0	0			100.0	-30.4	15.9	15.9	79.7	72.5	95.7	147.8	0.0	130.4	24.6	14.5	10.1	8.7	5.8	8.7	139.1	139.1	139.1	133.3	133.3	133.3	53.6	0.0	105.8	0.0	0.0	6.4	5.5	431.9	0.72
120(6)	0	4	4	1	1	5	1	1	0.48	5.10		1	0	0	0	0	0	0	0	0	0	0	0	0	0	0			100.0	-18.4	24.5	24.5	63.3	46.9	44.9	95.9	0.0	118.4	0.0	-6.1	6.1	-2.0	-4.1	-2.0	73.5	73.5	73.5	59.2	61.2	61.2	28.6	0.0	116.3	0.0	0.0	3	1.6	200.0	0.33
120(7)	0	4	4	1	1	6	1	1	0.43	5.60		1	0	0	0	0	0	0	0	0	0	0	0	0	0	0			100.0	-16.7	18.5	18.5	72.2	61.1	59.3	118.5	0.0	116.7	5.6	0.0	5.6	1.9	-1.9	1.9	101.9	101.9	101.9	90.7	90.7	90.7	40.7	0.0	111.1	0.0	0.0	4	2.7	292.6	0.49
120(8)	0	4	4	1	1	6	1	1	0.39	5.50		1	0	0	0	0	0	0	0	0	0	0	0	0	0	0			100.0	-17.0	17.0	17.0	73.6	62.3	67.9	117.0	0.0	117.0	9.4	0.0	9.4	1.9	-1.9	1.9	98.1	98.1	98.1	88.7	88.7	88.7	66.0	0.0	107.5	0.0	0.0	2.4	1.2	290.6	0.48
119(1)	0	4	1	1	1	5	1	1	0.47	5.60		1	0	0	0	0	0	0	0	0	0	0	0	0	0	0			100.0	-7.1	12.5	12.5	76.8	62.5	71.4	107.1	0.0	107.1	1.8	-3.6	5.4	0.0	-3.6	0.0	87.5	87.5	87.5	75.0	75.0	75.0	23.2	0.0	105.4	0.0	0.0	4.4	2.9	244.6	0.41
119(2)	1	4	1	1	1	6	1	1	0.42	6.14		1	0	0	0	0	0	0	0	0	0	0	0	0	0	0			100.0	1.6	0.0	0.0	82.0	70.5	55.7	93.4	0.0	98.4	9.8	-1.6	11.5	4.9	-6.6	4.9	77.0	77.0	77.0	65.6	65.6	65.6	32.8	0.0	88.5	0.0	0.0	3.4	2.1	224.6	0.37
117(1)	1	2	4	1	2	1	2	1	0	34.50		1	0	0	0	0	0	0	0	0	0	0	0	0	0	0			100.0	98.1	90.0	90.0	68.9	68.9	68.9	0.8	1.8	1.9	1.9	1.3	0.6	0.6	0.6	0.6	-0.1	-0.1	-0.1	-0.1	-4.2	-4.2	-4.8	0.0	0.0	0.0	64.9	1.02	0.6	2.1	0.00
117(2)	1	2	4	1	2	1	2	1	0	21.20		1	0	0	0	0	0	0	0	0	0	0	0	0	1	0			100.0	95.2	88.4	88.4	88.4	88.4	88.4	5.7	10.4	4.8	4.8	3.9	1.3	1.3	1.3	1.3	0.9	0.9	0.9	1.8	-65.6	-65.6	-66.1	0.0	0.0	0.0	24.7	16.86	0.53	-3.1	-0.01
116	0	22	4	1	2	1	1	1	0.47	42.00		1	0	0	0	0	0	0	0	0	0	0	0	0	0	0			100.0	99.5	98.2	98.2	194.4	189.0	186.8	177.5	30.9	0.0	0.0	-0.9	0.9	0.2	-1.1	0.2	1.0	1.0	1.0	0.0	0.0	0.3	0.0	0.0	0.0	1.8	0.0	5.5	0.3	180.0	0.30
115(1)	0	1	2	1	1	1	1	1	0.90	9.43		1	0	0	0	0	0	0	0	0	0	0	0	0	0	0			100.0	82.0	86.2	84.9	172.8	157.8	127.3	103.0	25.0	18.0	17.6	4.9	12.3	4.1	0.8	4.1	44.9	44.9	40.8	31.3	35.4	44.6	48.7	4.1	0.4	0.7	0.5	23.316	0	169.4	0.28
115(2)	0	1	2	1	1	1	1	1	1.00	10.06		0.5	0.5	0	0	0	0	0	0	0	0	0	0	0	0	0			50.0	36.4	86.7	85.6	174.6	161.1	118.1	110.9	0.3	13.6	10.7	1.0	9.4	2.0	-1.0	2.0	52.0	52.0	51.4	42.8	43.4	51.7	40.1	0.5	2.9	31.8	0.0	36.47	12.127	191.5	0.32
113	0	3	5	2	1	1	1	1	0.1	1.82		1	0	0	0	0	0	0	0	0	0	0	0	0	0	0			100.0	62.0	82.0	82.0	170.0	166.0	181.0	132.0	1.0	37.0	37.0	25.0	12.0	12.0	10.0	12.0	125.0	125.0	125.0	116.0	116.0	116.0	106.0	0.0	0.0	0.0	0.0	26	10	394.0	0.66
112	0	37	1	1	1	1	1	1	0.05	2.00		1	0	0	0	0	0	0	0	0	0	0	0	0	0	0			100.0	3.6	2.4	2.4	85.0	75.4	61.6	134.0	0.0	90.4	9.4	2.4	2.8	2.2	0.2	2.2	113.0	113.0	112.0	108.0	109.0	109.0	109.0	1.3	81.0	0.0	0.0	10.1	0	353.3	0.59
109(1)	1	3	2	1	1	6	1	1	0.53	7.15		0.6629370629	0	0	0	0.3377483444	0	0	0	0	0	0	0	0	0	0			66.2937062937	6.6293706294	39.7762237762	39.7762237762	93.4741258741	84.193006993	91.4853146853	60.9902097902	43.0909090909	58.3384615385	58.3384615385	33.8097902098	24.5286713287	17.8993006993	15.9104895105	17.8993006993	2.6517482517	2.6517482517	2.6517482517	28.5062937063	22.5398601399	22.5398601399	21.213986014	0	0	0	0	-3.3146853147	1.3258741259	234.0	0.27
109(2)	1	3	2	1	1	6	1	1	0.43	4.34		1	0	0	0	0	0	0	0	0	0	0	0	0	0	0			100.0	89.0	87.0	87.0	171.0	158.0	151.0	85.0	45.0	9.0	9.0	0.0	9.0	1.0	-2.0	1.0	19.0	19.0	19.0	8.0	3.0	3.0	3.0	0.0	0.0	0.0	0.0	35	0	86.0	0.14
109(3)	1	3	2	1	1	6	1	1	0.75	10.64		0.6896551724	0	0	0	0.3103448276	0	0	0	0	0	0	0	0	0	0			68.9655172414	33.1034482759	50.3448275862	50.3448275862	107.5862068966	98.6206896552	107.5862068966	78.6206896552	60.6896551724	35.1724137931	35.1724137931	18.6206896552	16.5517241379	10.3448275862	8.275862069	10.3448275862	2.7586206897	2.7586206897	2.7586206897	26.2068965517	26.2068965517	26.2068965517	18.6206896552	0	0	0	0	-1.3793103448	7.5862068966	220.0	0.27
109(4)	1	3	2	1	1	6	1	1	0.59	6.66		1	0	0	0	0	0	0	0	0	0	0	0	0	0	0			100.0	59.0	78.0	78.0	163.0	152.0	146.0	92.0	55.0	39.0	39.0	21.0	19.0	12.0	9.0	12.0	18.0	18.0	18.0	9.0	9.0	9.0	9.0	0.0	0.0	0.0	0.0	27	0	131.0	0.22
108(1)	1	3	1	1	1	5	1	1	0.43	5.20		1	0	0	0	0	0	0	0	0	0	0	0	0	0	0			100.0	63.9	78.6	78.6	N.A.	160.3	194.2	99.4	0.0	34.8	34.8	16.3	18.5	11.7	4.6	11.7	81.6	81.6	81.6	72.7	72.7	72.7	72.7	0.0	0.0	0.0	0.0	25	0	263.5	0.44
108(2)	1	3	1	1	1	6	1	1	0.33	4.67		1	0	0	0	0	0	0	0	0	0	0	0	0	0	0			100.0	64.6	74.8	74.8	N.A.	150.2	159.0	86.2	0.0	32.9	32.9	13.6	19.3	12.3	1.3	11.1	69.7	69.7	68.0	58.4	58.4	58.4	56.7	0.0	0.0	0.0	0.0	28.5	0	217.0	0.36
107(1)	1	1	2	1	1	5	1	1	0.52	6.60		1	0	0	0	0	0	0	0	0	0	0	0	0	0	0			100.0	71.0	81.0	81.0	167.0	152.0	121.0	101.0	33.0	28.0	26.0	11.0	15.0	7.0	4.0	7.0	29.0	29.0	27.0	13.0	19.0	23.0	23.0	2.0	2.0	0.0	0.0	24	0.8	164.8	0.27
107(2)	1	1	2	1	1	6	1	1	0.26	7.20		1	0	0	0	0	0	0	0	0	0	0	0	0	0	0			100.0	57.0	78.0	78.0	171.0	163.0	148.0	141.0	3.0	42.0	38.0	22.0	16.0	12.0	10.0	12.0	22.0	22.0	20.0	13.0	17.0	19.0	21.0	2.0	4.0	0.0	0.0	12	0	212.2	0.35
105(1)	0	13	2	1	1	1	1	1	0.91	9.52		1	0	0	0	0	0	0	0	0	0	0	0	0	0	0			100.0	0.0	0.0	0.0	84.1	69.9	79.3	107.7	0.0	98.0	11.3	0.7	10.6	2.1	-1.4	2.1	67.5	67.5	55.2	45.2	57.5	57.5	53.6	12.3	86.7	0.0	0.0	31.1	16.3	209.5	0.35
105(2)	0	13	2	1	1	1	1	1	0.35	5.37		1	0	0	0	0	0	0	0	0	0	0	0	0	0	0			100.0	0.0	-5.3	-5.3	83.7	73.9	89.1	130.9	0.0	98.7	0.0	-4.7	4.7	-1.2	-3.5	-1.2	111.7	111.7	111.7	104.9	104.9	104.9	62.4	0.0	98.7	0.0	0.0	61.05	42.52	332.3	0.55
105(3)	0	13	2	1	1	1	1	1	0.67	8.28		1	0	0	0	0	0	0	0	0	0	0	0	0	0	0			100.0	0.3	-1.9	-1.9	84.7	72.6	78.7	132.5	0.0	98.0	6.3	-1.6	7.9	0.7	-2.3	0.7	89.0	89.0	69.1	60.6	80.4	80.4	60.2	19.8	91.8	0.0	0.0	43.27	40.11	269.5	0.45
105(4)	0	13	2	1	1	1	1	1	0.91	9.87		1	0	0	0	0	0	0	0	0	0	0	0	0	0	0			100.0	0.0	-0.4	-0.4	83.9	70.1	80.4	126.3	0.0	98.1	10.9	0.6	10.3	2.0	-1.4	2.0	71.2	71.2	43.2	33.4	61.5	61.5	62.1	28.0	87.2	0.0	0.0	25.589065593	27.42767838	220.2	0.37
105(5)	0	13	2	1	1	1	1	1	0.88	9.30		1	0	0	0	0	0	0	0	0	0	0	0	0	0	0			100.0	0.0	0.0	0.0	84.2	70.0	78.4	135.0	0.0	98.0	11.2	0.6	10.5	2.0	-1.4	2.0	68.6	68.6	29.9	19.9	58.6	58.6	64.7	38.7	86.9	0.0	0.0	20.87	32.66	212.1	0.35
105(6)	0	13	2	1	1	1	1	1	0.70	8.92		1	0	0	0	0	0	0	0	0	0	0	0	0	0	0			100.0	0.3	-3.0	-3.0	84.0	72.3	78.2	125.0	0.0	98.1	4.4	-2.7	7.1	0.0	-2.8	0.0	92.9	92.9	83.8	75.5	84.6	84.6	62.0	9.1	93.7	0.0	0.0	44.974619769	31.80786313	279.6	0.47
105(7)	0	13	2	1	1	1	1	1	0.62	8.08		1	0	0	0	0	0	0	0	0	0	0	0	0	0	0			100.0	0.1	-6.0	-6.0	80.9	69.5	80.5	123.1	0.0	98.3	0.4	-5.2	5.6	-1.2	-4.0	-1.2	96.1	96.1	91.5	83.5	88.1	88.1	53.1	4.6	97.9	0.0	0.0	56.65	39.6	285.2	0.48
105(8)	0	13	2	1	1	1	1	1	0.60	8.04		1	0	0	0	0	0	0	0	0	0	0	0	0	0	0			100.0	0.7	-2.8	-2.8	84.4	73.2	77.2	121.9	0.0	97.8	4.1	-2.6	6.7	0.0	-2.7	0.0	97.3	97.3	94.6	86.8	89.5	89.5	57.2	2.7	93.7	0.0	0.0	53.47	34.98	292.9	0.49
105(9)	0	13	2	1	1	1	1	1	0.93	10.16		1	0	0	0	0	0	0	0	0	0	0	0	0	0	0			100.0	0.0	0.0	0.0	84.8	71.1	80.9	119.9	0.0	98.1	10.8	0.6	10.2	2.0	-1.4	2.0	73.4	73.4	53.6	44.0	63.8	63.8	57.1	19.8	87.3	0.0	0.0	32.63	26.42	226.3	0.38
105(10)	0	13	2	1	1	1	1	1	0.85	12.22		1	0	0	0	0	0	0	0	0	0	0	0	0	0	0			100.0	0.0	-5.7	-5.7	82.6	72.2	85.6	126.3	0.0	98.6	0.0	-5.0	5.0	-1.3	-3.8	-1.3	106.0	106.0	106.0	98.7	98.7	98.7	63.4	0.0	98.6	0.0	0.0	55.02	35.27	316.0	0.53
105(11)	0	13	2	1	1	1	1	1	0.81	9.31		1	0	0	0	0	0	0	0	0	0	0	0	0	0	0			100.0	0.4	-1.0	-1.0	84.1	71.0	73.7	104.6	0.0	97.8	8.7	-0.5	9.2	1.3	-1.8	1.3	78.7	78.7	78.3	69.1	69.5	69.5	49.6	0.4	89.1	0.0	0.0	44.74	20.27	241.2	0.40
105(12)	0	13	2	1	1	1	1	1	0.74	8.33		1	0	0	0	0	0	0	0	0	0	0	0	0	0	0			100.0	0.8	-0.8	-0.8	84.5	71.2	71.3	114.1	0.0	97.4	8.1	-1.0	9.1	1.1	-2.1	1.1	77.6	77.6	67.2	57.9	68.3	68.3	49.8	10.4	89.3	0.0	0.0	43.74	28.87	236.7	0.39
105(13)	0	13	2	1	1	1	1	1	0.67	7.94		1	0	0	0	0	0	0	0	0	0	0	0	0	0	0			100.0	0.3	-4.7	-4.7	80.7	68.1	71.0	123.4	0.0	98.0	3.3	-3.8	7.2	-0.4	-3.4	-0.4	84.1	84.1	69.5	60.7	75.3	75.3	51.9	14.6	94.6	0.0	0.0	47.244431397	37.89898614	251.6	0.42
105(14)	0	13	2	1	1	1	1	1	0.82	9.49		1	0	0	0	0	0	0	0	0	0	0	0	0	0	0			100.0	0.4	-2.1	-2.1	83.1	70.2	71.5	119.9	0.0	97.8	7.2	-1.4	8.6	0.8	-2.3	0.8	80.5	80.5	66.3	57.2	71.4	71.4	47.7	14.2	90.7	0.0	0.0	48.17	37.89	244.4	0.41
105(15)	0	13	2	1	1	1	1	1	0.52	5.75		1	0	0	0	0	0	0	0	0	0	0	0	0	0	0			100.0	0.0	-0.2	-0.2	84.5	70.8	76.6	125.8	0.0	98.1	10.8	0.6	10.2	1.9	-1.4	1.9	73.1	73.1	47.0	37.5	63.5	63.5	52.0	26.0	87.3	0.0	0.0	37.39	37.52	225.5	0.38
105(16)	0	13	2	1	1	1	1	1	0.59	6.66		1	0	0	0	0	0	0	0	0	0	0	0	0	0	0			100.0	0.2	0.0	0.0	85.1	71.8	77.7	127.2	0.0	98.0	10.2	0.4	9.8	1.8	-1.4	1.8	76.3	76.3	51.5	42.2	66.9	66.9	49.3	24.7	87.7	0.0	0.0	43.01	42.41	234.7	0.39
105(17)	0	13	2	1	1	1	1	1	0.65	8.24		1	0	0	0	0	0	0	0	0	0	0	0	0	0	0			100.0	0.4	-3.5	-3.5	83.0	71.2	75.1	124.5	0.0	98.0	4.0	-3.1	7.0	-0.1	-3.0	-0.1	91.4	91.4	81.6	73.2	83.1	83.1	62.2	9.8	94.1	0.0	0.0	43.42	30.69	274.3	0.46
105(18)	0	13	2	1	1	1	1	1	0.82	8.65		1	0	0	0	0	0	0	0	0	0	0	0	0	0	0			100.0	0.0	-0.2	-0.2	83.4	68.7	79.9	130.7	0.0	98.0	11.6	0.7	10.9	2.1	-1.4	2.1	63.6	63.6	25.2	14.9	53.3	53.3	65.1	38.4	86.4	0.0	0.0	16.11	26.64	197.3	0.33
103	0	36	4	1	1	1	1	1	0.13	2.19		1	0	0	0	0	0	0	0	0	0	0	0	0	0	0			100.0	98.0	93.0	93.0	181.0	163.0	119.0	101.0	0.0	0.0	0.0	-4.0	4.0	0.0	-4.0	0.0	81.0	81.0	76.0	64.0	70.0	70.0	65.0	5.3	0.0	0.0	0.0	36	10	215.5	0.36
102(1)	1	2	2	1	1	6	1	1	0.21	3.64		1	0	0	0	0	0	0	0	0	0	0	0	0	0	0			100.0	32.4	69.9	69.9	158.3	150.6	128.1	61.7	0.0	64.9	64.9	39.2	25.7	20.4	18.8	20.4	38.8	38.8	38.8	29.1	28.4	28.4	28.4	0.0	0.0	0.0	0.8	43.4	N.A.	151.1	0.25
102(2)	1	2	2	1	1	6	1	1	0.12	3.56		0	0	0	0	0	0	1	0	0	0	0	0	0	0	0			0.0	-45.1	48.0	48.0	142.4	138.4	122.7	76.8	0.0	44.3	44.3	94.1	-49.8	47.5	46.6	47.5	61.8	61.8	61.8	55.5	54.4	54.4	54.4	0.0	0.0	0.0	0.0	31.4	N.A.	207.0	0.41
101(1)	0	1	1	1	1	4	1	1	0.59	6.56		1	0	0	0	0	0	0	0	0	0	0	0	0	0	0			100.0	73.0	79.4	79.4	168.8	155.0	115.4	97.4	28.8	26.7	17.2	7.2	10.1	5.5	1.7	5.5	47.1	47.1	47.1	33.7	33.7	33.7	30.6	0.0	9.3	0.0	0.0	2.08	0.2	166.8	0.28
101(2)	0	1	1	1	1	4	1	1	0.62	6.48		1	0	0	0	0	0	0	0	0	0	0	0	0	0	0			100.0	71.6	74.8	74.8	163.6	149.2	110.6	95.2	30.4	27.9	13.1	4.0	9.1	4.0	0.0	4.0	42.4	42.4	42.4	28.7	28.7	28.7	27.8	0.0	14.8	0.0	0.0	1.95	0.06	150.3	0.25
101(3)	0	1	1	1	1	4	1	1	0.64	6.81		1	0	0	0	0	0	0	0	0	0	0	0	0	0	0			100.0	72.7	78.4	78.4	167.3	153.0	113.4	94.4	25.6	26.7	16.7	6.5	10.3	5.1	1.3	5.1	46.7	46.7	46.7	33.0	33.0	33.0	30.7	0.0	10.1	0.0	0.0	2.14	0.15	161.7	0.27
101(4)	0	1	1	1	1	4	1	1	0.35	4.14		1	0	0	0	0	0	0	0	0	0	0	0	0	0	0			100.0	71.7	77.5	77.5	167.4	155.1	121.5	108.7	58.7	27.5	15.5	6.0	9.4	4.8	1.2	4.8	31.2	31.2	31.2	20.0	20.0	20.0	18.8	0.0	12.1	0.0	0.0	1.06	0.05	151.0	0.25
101(5)	0	1	1	1	1	4	1	1	0.35	3.87		1	0	0	0	0	0	0	0	0	0	0	0	0	0	0			100.0	66.4	71.3	71.3	161.0	147.8	113.4	105.4	55.3	33.1	15.0	5.7	9.3	4.9	0.8	4.9	30.5	30.5	30.5	18.9	18.9	18.9	17.8	0.0	18.1	0.0	0.0	1.02	0.04	144.4	0.24
101(6)	0	1	1	1	1	4	1	1	0.33	4.16		1	0	0	0	0	0	0	0	0	0	0	0	0	0	0			100.0	71.6	79.6	79.6	170.2	158.4	120.9	110.3	55.3	27.9	18.3	8.4	9.9	6.0	2.4	6.0	37.0	37.0	37.0	25.7	25.7	25.7	19.7	0.0	9.6	0.0	0.0	1.26	0.25	167.1	0.28
101(7)	0	1	1	1	1	4	1	1	0.34	4.04		1	0	0	0	0	0	0	0	0	0	0	0	0	0	0			100.0	67.8	74.3	74.3	164.6	152.2	116.3	108.2	55.0	31.9	16.8	7.2	9.7	5.4	1.7	5.4	34.4	34.4	34.4	23.0	23.0	23.0	19.6	0.0	15.1	0.0	0.0	1.14	0.14	157.7	0.26
100(1)	0	27	4	1	1	1	0	1	0.27	72.23		1	0	0	0	0	0	0	0	0	0	0	0	0	0	0			0.9	-4.8	-1.0	-1.0	3.6	2.9	2.9	0.0	0.0	5.6	6.3	3.9	2.4	2.0	1.9	2.0	N.A.	N.A.	N.A.	N.A.	N.A.	N.A.	N.A.	0.0	3.8	0.0	0.0	N.A.	N.A.	6.3	0.01
100(2)	0	27	4	1	1	1	0	1	0.00	11.80		0.0279937792	0	0	0.97	0	0	0	0	0	0	0	0	0	0	0			0.0	-26.1	-1.0	-1.0	13.3	13.2	2.9	0.0	0.0	26.1	37.7	25.1	12.6	12.6	12.6	12.6	N.A.	N.A.	N.A.	N.A.	N.A.	N.A.	N.A.	0.0	2.7	0.0	0.0	N.A.	N.A.	37.7	0.06
99(1)	1	18	1	1	2	1	1	1	0.3	7.70		1	0	0	0	0	0	0	0	0	0	0	0	0	0	0			100.0	92.0	94.0	94.0	188.0	183.0	173.0	16.0	59.0	7.2	7.2	2.3	4.9	1.6	0.7	1.6	4.8	4.8	4.8	0.4	-74.0	-73.0	-73.0	0.0	69.0	11.0	3.1	85	N.A.	-56.6	-0.09
99(2)	1	18	1	1	2	1	1	1	0.24	8.20		1	0	0	0	0	0	0	0	0	0	0	0	0	0	0			100.0	84.0	92.0	92.0	188.0	184.0	175.7	24.0	10.0	16.0	16.0	8.5	7.5	4.6	3.9	4.6	6.2	6.2	6.2	3.0	-78.0	-77.0	-77.0	0.0	0.0	0.3	46.0	89	N.A.	-39.8	-0.07
99(3)	1	18	1	1	2	1	1	1	0.22	8.00		1	0	0	0	0	0	0	0	0	0	0	0	0	0	0			100.0	93.0	95.0	95.0	190.0	187.0	179.9	27.0	14.0	6.3	6.3	2.4	3.9	1.5	0.9	1.5	5.3	5.3	5.3	2.2	-105.0	-106.0	-106.0	9.0	0.0	0.8	0.0	116	N.A.	-75.2	-0.13
98(1)	1	2	2	1	1	1	1	1	0.34	4.70		1	0	0	0	0	0	0	0	0	0	0	0	0	0	0			100.0	41.5	71.7	71.7	157.8	148.3	65.2	76.1	0.0	56.1	56.1	32.5	23.6	17.2	15.3	17.2	52.5	52.5	51.9	26.0	41.6	41.6	42.2	0.6	0.0	0.0	0.5	61.6	26.6	175.1	0.29
98(2)	1	2	2	1	1	4	1	1	0.27	4.00		1	0	0	0	0	0	0	0	0	0	0	0	0	0	0			100.0	40.4	71.6	71.6	158.0	149.0	37.9	66.8	0.0	57.1	57.1	33.3	23.8	17.6	15.7	17.6	41.8	41.8	38.8	6.3	31.5	31.5	34.5	3.0	0.0	0.0	0.4	90.5	51.7	130.2	0.22
97(1)	0	3	1	1	1	4	1	1	0.59	7.63		1	0	0	0	0	0	0	0	0	0	0	0	0	0	0			100.0	55.0	79.0	79.0	152.0	152.0	157.0	97.0	44.0	43.0	43.0	24.2	19.0	13.8	10.4	13.8	43.9	43.9	43.9	34.6	34.6	34.6	24.6	0.0	0.0	0.0	0.0	34	10	194.5	0.32
97(2)	0	3	1	1	1	4	1	1	0.53	5.72		0	1	0	0	0	0	0	0	0	0	0	0	0	0	0			0.0	-26.5	83.9	83.9	152.2	152.2	143.7	88.7	11.0	23.4	23.4	10.4	13.0	7.2	3.2	7.2	66.3	66.3	66.3	55.3	55.3	55.3	37.7	0.0	0.0	0.0	0.0	45.4433100398	17.6334373432	205.9	0.34
97(3)	0	3	1	1	1	4	1	1	0.42	5.13		0	0	0	1	0	0	0	0	0	0	0	0	0	0	0			0.0	-14.1	55.1	55.1	126.0	126.0	118.7	69.3	0.0	10.4	110.4	69.2	41.2	36.3	32.8	36.3	57.2	57.2	57.2	47.3	47.3	47.3	43.4	0.0	0.0	0.0	0.0	28.995794502	3.9343277131	259.2	0.43
97(4)	0	3	1	1	1	4	1	1	0.22	5.56		0	0	0	0	0.3974820144	0	0	0.6025179856	0	0	0	0	0	0	0			0.0	-7.1	-6.5	-6.5	0.0	-23.3	45.8	44.0	0.0	4.2	4.2	0.6	3.6	1.2	-0.6	1.2	35.3	35.3	35.3	69.3	129.5	129.5	111.4	0.0	0.0	0.0	0.0	-67.6098680503	18.11205	238.5	0.40
97(5)	0	3	1	1	1	4	1	1	0.4	6.22		0	0	0	0	0	0	0	0	0	0	0	1	0	0	0			0.0	-2.4	-5.1	94.9	76.9	76.9	72.2	41.7	1.8	0.1	0.1	-2.6	2.8	-0.2	-2.4	-0.2	32.2	32.2	32.2	26.0	26.0	26.0	10.0	0.0	0.0	0.0	0.0	31.5849948752	16.045197589	84.5	0.14
97(6)	0	3	1	1	1	4	1	1	0.57	26.51		0	0	0	0	0	0	0	0	1	0	0	0	0	0	0			0.0	-8.3	-4.8	-4.8	0.0	-13.5	43.7	52.7	39.1	7.5	7.5	3.5	4.0	2.3	1.2	2.3	10.7	10.7	10.7	7.6	7.6	7.6	68.5	0.0	0.0	0.0	0.0	-53.0580015806	39.0265052959	170.6	0.28
97(7)	0	3	1	1	1	4	1	1	0.75	20.55		0.2895377129	0	0	0	0	0	0	0	0.7104622871	0	0	0	0	0	0			29.0	14.0	20.6	20.6	34.3	34.3	81.6	49.2	37.0	14.1	14.1	6.6	7.5	4.3	2.3	4.3	8.5	8.5	8.5	3.2	3.2	3.2	64.2	0.0	0.0	0.0	0.0	-47.3360770736	10.0110490172	132.3	0.22
97(8)	0	3	1	1	1	4	1	1	0.17	8.26		0	0	0	0	0	0	0	0	0	0	1	0	0	0	0			0.0	-1.9	-2.7	-2.7	0.0	-10.9	9.9	73.2	21.4	0.3	0.3	-0.8	1.1	0.0	-0.8	0.0	47.3	47.3	47.3	44.5	44.5	44.5	38.4	0.0	0.0	0.0	0.0	13.0805997686	6.0606431437	158.4	0.26
96(1)	1	16	2	3	1	1	1	1	0.17	7.83		1	0	0	0	0	0	0	0	0	0	0	0	0	0	0			100.0	0.0	0.3	0.3	97.0	94.0	132.4	193.1	N.A.	100.0	2.8	0.5	-94.4	0.6	-0.1	0.6	172.2	172.2	157.2	155.1	170.1	170.1	181.5	15.0	96.7	0.0	0.0	-9.3	N.A.	517.5	0.86
96(2)	1	16	1	3	1	1	1	1	0.08	0.69		1	0	0	0	0	0	0	0	0	0	0	0	0	0	0			100.0	0.0	0.0	0.0	94.0	91.1	160.6	213.1	N.A.	100.0	6.4	2.9	-89.6	1.8	1.1	1.8	103.2	103.2	61.3	59.2	101.1	101.1	139.6	41.9	93.1	0.0	0.0	-36.4	N.A.	376.4	0.63
95(1)	1	15	1	1	1	1	1	1	0.122	2.66		1	0	0	0	0	0	0	0	0	0	0	0	0	0	0			100.0	66.4	79.7	79.7	163.9	161.7	171.4	110.9	23.2	22.3	22.3	13.4	8.9	6.8	6.6	6.8	66.1	58.2	58.2	50.9	50.9	50.9	28.4	0.0	0.0	0.0	11.0	40.3	22.5	224.5	0.37
95(2)	1	15	1	1	1	1	1	1	0.15	2.78		1	0	0	0	0	0	0	0	0	0	0	0	0	0	0			100.0	58.5	75.3	75.3	157.4	154.3	160.4	112.9	30.1	28.1	28.1	16.8	11.2	8.6	8.2	8.6	67.4	55.6	55.6	50.2	50.2	50.2	26.7	0.0	0.0	0.0	11.8	44.6	23.5	225.7	0.38
95(3)	1	15	1	1	1	1	1	1	0.139	2.84		1	0	0	0	0	0	0	0	0	0	0	0	0	0	0			100.0	57.2	70.7	70.7	145.9	142.7	140.3	103.6	24.4	28.3	28.3	13.5	14.8	6.9	6.5	6.9	58.1	51.2	51.2	45.2	45.2	45.2	27.9	0.0	0.0	0.0	9.7	34	17.4	211.7	0.35
93(1)	1	12	4	1	3	1	1	1	0.165	0.82		1	0	0	0	0	0	0	0	0	0	0	0	0	0	0			100.0	1.1	7.6	7.6	96.7	84.5	97.2	106.7	0.0	97.7	18.0	9.1	8.9	5.6	3.5	5.6	86.4	86.4	86.0	73.1	70.0	70.0	70.0	0.0	79.7	0.0	0.0	23.7	N.A.	260.1	0.43
93(2)	1	12	4	1	1	1	1	1	0.238	1.24		1	0	0	0	0	0	0	0	0	0	0	0	0	0	0			100.0	1.8	18.6	18.6	109.5	90.7	123.8	96.9	0.0	97.1	33.1	21.6	11.5	11.8	9.8	11.8	78.6	78.6	79.0	65.0	59.0	59.0	59.0	0.0	64.1	0.0	0.0	27.3	N.A.	246.7	0.41
92(1)	0	2	4	1	1	4	1	1	0.35	3.75		1	0	0	0	0	0	0	0	0	0	0	0	0	0	0			100.0	66.9	81.4	81.4	168.5	155.6	150.4	89.4	0.0	31.3	31.3	15.1	16.3	8.7	6.4	8.7	64.0	64.0	64.0	53.3	43.1	55.5	64.1	0.0	0.0	0.0	0.0	32.7	N.A.	226.6	0.38
92(2)	0	2	4	1	1	4	1	1	0.28	3.86		1	0	0	0	0	0	0	0	0	0	0	0	0	0	0			100.0	38.5	73.2	73.2	162.5	151.8	101.3	82.7	0.0	60.0	60.0	35.2	24.8	18.5	16.8	18.5	61.7	61.7	61.7	52.7	37.3	54.5	61.6	0.0	0.0	0.0	0.0	34.1	N.A.	247.6	0.41
91(1)	0	1	1	1	1	1	1	1	0.74	11.30		1	0	0	0	0	0	0	0	0	0	0	0	0	0	0			100.0	N.A.	N.A.	N.A.	N.A.	N.A.	121.0	125.0	66.0	N.A.	N.A.	N.A.	N.A.	N.A.	N.A.	N.A.	44.0	44.0	44.0	44.0	36.0	36.0	26.0	0.0	0.0	0.0	0.0	26	9	196.0	0.33
91(2)	0	1	1	1	1	4	1	1	0.72	14.80		1	0	0	0	0	0	0	0	0	0	0	0	0	0	0			100.0	N.A.	N.A.	N.A.	N.A.	N.A.	110.0	145.0	72.0	N.A.	N.A.	N.A.	N.A.	N.A.	N.A.	N.A.	63.0	63.0	62.0	62.0	55.0	55.0	22.0	1.0	0.0	0.0	0.0	45	30	254.0	0.42
91(3)	0	1	1	1	1	4	1	1	0.74	11.60		1	0	0	0	0	0	0	0	0	0	0	0	0	0	0			100.0	N.A.	N.A.	N.A.	N.A.	N.A.	131.0	129.0	90.0	N.A.	N.A.	N.A.	N.A.	N.A.	N.A.	N.A.	25.0	25.0	23.0	23.0	13.0	13.0	13.0	0.0	0.0	0.0	0.0	17	1	159.0	0.27
91(4)	0	1	1	1	1	4	1	1	0.66	11.00		1	0	0	0	0	0	0	0	0	0	0	0	0	0	0			100.0	N.A.	N.A.	N.A.	N.A.	N.A.	120.0	134.0	47.0	N.A.	N.A.	N.A.	N.A.	N.A.	N.A.	N.A.	74.0	74.0	72.0	72.0	63.0	63.0	48.0	1.0	0.0	0.0	0.0	30	13	261.0	0.44
91(5)	0	1	5	2	1	1	1	1	0.2	3.10		1	0	0	0	0	0	0	0	0	0	0	0	0	0	0			100.0	N.A.	N.A.	N.A.	N.A.	N.A.	125.0	174.0	0.0	N.A.	N.A.	N.A.	N.A.	N.A.	N.A.	N.A.	110.0	110.0	62.0	62.0	101.0	101.0	102.0	48.0	0.0	0.0	0.0	-20	20	338.0	0.56
91(6)	0	1	5	2	1	4	1	1	0.2	3.70		1	0	0	0	0	0	0	0	0	0	0	0	0	0	0			100.0	N.A.	N.A.	N.A.	N.A.	N.A.	101.0	113.0	0.0	N.A.	N.A.	N.A.	N.A.	N.A.	N.A.	N.A.	127.0	127.0	126.0	126.0	120.0	120.0	82.0	1.0	0.0	0.0	0.0	55	36	346.0	0.58
91(7)	0	1	5	2	1	4	1	1	0.2	2.90		1	0	0	0	0	0	0	0	0	0	0	0	0	0	0			100.0	N.A.	N.A.	N.A.	N.A.	N.A.	104.0	100.0	0.0	N.A.	N.A.	N.A.	N.A.	N.A.	N.A.	N.A.	98.0	98.0	86.0	86.0	82.0	82.0	65.0	10.0	0.0	0.0	0.0	43	27	256.0	0.43
91(8)	0	1	5	2	1	4	1	1	0.2	4.00		1	0	0	0	0	0	0	0	0	0	0	0	0	0	0			100.0	N.A.	N.A.	N.A.	N.A.	N.A.	125.0	126.0	0.0	N.A.	N.A.	N.A.	N.A.	N.A.	N.A.	N.A.	119.0	119.0	70.0	70.0	111.0	111.0	104.0	48.0	0.0	0.0	0.0	-23	53	342.0	0.57
90(1)	0	1	1	1	1	1	1	1	0.69	16.10		1	0	0	0	0	0	0	0	0	0	0	0	0	0	0			100.0	83.1	90.2	90.2	184.1	178.1	163.8	152.1	116.6	16.0	14.6	7.3	7.3	4.5	2.8	4.5	21.3	21.3	19.5	14.5	14.5	14.5	18.0	1.8	1.4	0.0	0.0	11	N.A.	189.7	0.32
90(2)	0	1	1	1	1	4	1	1	0.45	6.90		1	0	0	0	0	0	0	0	0	0	0	0	0	0	0			100.0	72.0	85.0	85.0	175.7	166.5	142.2	123.2	9.2	26.7	26.0	13.4	12.6	8.0	5.4	8.0	95.1	95.1	95.1	87.5	87.5	87.5	87.5	0.0	1.2	0.0	0.0	19.4	N.A.	312.4	0.52
90(3)	0	1	1	1	1	4	1	1	0.44	4.20		1	0	0	0	0	0	0	0	0	0	0	0	0	0	0			100.0	71.9	82.5	82.5	167.2	151.9	126.6	93.2	0.0	26.0	26.0	11.3	14.7	7.8	3.5	7.8	46.9	46.9	31.9	19.2	34.2	34.2	49.2	15.0	0.0	0.0	0.0	17.1	N.A.	153.2	0.26
90(4)	0	1	1	1	1	4	1	1	0.36	4.20		1	0	0	0	0	0	0	0	0	0	0	0	0	0	0			100.0	73.9	84.7	84.7	172.3	160.0	127.3	100.2	0.0	24.3	24.3	11.4	12.9	7.4	4.0	7.4	74.8	74.8	74.8	64.6	64.6	64.6	64.6	0.0	0.0	0.0	0.0	26.1	N.A.	237.8	0.40
89(1)	0	3	2	1	1	1	1	1	0.64	9.70		1	0	0	0	0	0	0	0	0	0	0	0	0	0	0			100.0	64.9	77.8	77.8	163.9	150.5	116.5	96.9	39.2	27.8	27.8	N.A.	N.A.	N.A.	N.A.	N.A.	50.5	50.5	50.5	39.7	39.7	39.7	36.1	0.0	0.0	0.0	0.0	N.A.	N.A.	214.9	0.36
89(2)	0	3	2	1	1	4	1	1	0.36	7.00		1	0	0	0	0	0	0	0	0	0	0	0	0	0	0			100.0	52.6	78.1	78.1	166.7	181.6	140.8	112.3	52.6	42.1	42.1	N.A.	N.A.	N.A.	N.A.	N.A.	36.8	36.8	36.8	28.1	28.1	28.1	24.6	0.0	0.0	0.0	0.0	N.A.	N.A.	219.3	0.37
89(3)	0	3	2	1	1	4	1	1	0.5	7.80		1	0	0	0	0	0	0	0	0	0	0	0	0	0	0			100.0	61.5	80.1	80.1	166.7	152.6	119.9	108.3	25.6	34.0	34.0	N.A.	N.A.	N.A.	N.A.	N.A.	71.8	71.8	71.8	62.8	62.8	62.8	50.6	0.0	0.0	0.0	0.0	N.A.	N.A.	276.9	0.46
89(4)	0	3	2	1	1	4	1	1	0.44	6.10		1	0	0	0	0	0	0	0	0	0	0	0	0	0	0			100.0	61.5	84.4	84.4	180.3	173.8	138.5	119.7	62.3	39.3	39.3	N.A.	N.A.	N.A.	N.A.	N.A.	47.5	47.5	47.5	37.7	37.7	37.7	31.1	0.0	0.0	0.0	0.0	N.A.	N.A.	244.3	0.41
89(5)	0	3	2	1	1	4	1	1	0.42	6.40		1	0	0	0	0	0	0	0	0	0	0	0	0	0	0			100.0	64.1	87.5	87.5	184.4	183.6	139.5	121.9	42.2	41.4	41.4	N.A.	N.A.	N.A.	N.A.	N.A.	57.8	57.8	57.8	49.2	49.2	49.2	31.3	0.0	0.0	0.0	0.0	N.A.	N.A.	270.3	0.45
89(6)	0	3	2	1	1	4	1	1	0.41	8.40		1	0	0	0	0	0	0	0	0	0	0	0	0	0	0			100.0	55.4	76.2	76.2	160.7	152.4	125.0	114.9	51.2	36.9	36.9	N.A.	N.A.	N.A.	N.A.	N.A.	40.5	40.5	40.5	33.9	33.9	33.9	23.2	0.0	0.0	0.0	0.0	N.A.	N.A.	226.2	0.38
89(7)	0	3	2	1	1	4	1	1	0.61	7.40		1	0	0	0	0	0	0	0	0	0	0	0	0	0	0			100.0	68.2	86.5	86.5	180.4	172.3	128.7	107.4	43.2	38.5	38.5	N.A.	N.A.	N.A.	N.A.	N.A.	56.1	56.1	56.1	45.3	45.3	45.3	33.8	0.0	0.0	0.0	0.0	N.A.	N.A.	247.3	0.41
89(8)	0	3	2	1	1	4	1	1	0.65	7.80		1	0	0	0	0	0	0	0	0	0	0	0	0	0	0			100.0	66.0	85.9	85.9	177.6	170.5	124.4	100.0	37.2	37.8	37.8	N.A.	N.A.	N.A.	N.A.	N.A.	54.5	54.5	54.5	41.0	41.0	41.0	32.7	0.0	0.0	0.0	0.0	N.A.	N.A.	233.3	0.39
89(9)	0	3	2	1	1	4	1	1	0.64	8.30		1	0	0	0	0	0	0	0	0	0	0	0	0	0	0			100.0	69.3	83.1	83.1	170.5	162.7	119.3	97.6	30.1	30.1	30.1	N.A.	N.A.	N.A.	N.A.	N.A.	60.8	60.8	60.8	50.6	50.6	50.6	39.2	0.0	0.0	0.0	0.0	N.A.	N.A.	239.2	0.40
87(1)	0	1	5	2	1	1	1	1	0.2	4.13		1	0	0	0	0	0	0	0	0	0	0	0	0	0	0			100.0	79.0	86.0	86.0	174.0	159.0	136.0	117.0	18.0	20.0	20.0	8.0	12.0	6.0	3.0	6.0	73.0	73.0	73.0	66.0	66.0	66.0	66.0	0.0	0.0	0.0	0.0	20	N.A.	256.0	0.43
87(2)	0	1	5	2	2	1	1	1	0.2	10.90		1	0	0	0	0	0	0	0	0	0	0	0	0	0	0			100.0	77.0	77.0	77.0	174.0	171.0	161.0	10.0	86.0	23.0	3.0	1.0	3.0	1.0	0.0	1.0	7.0	7.0	2.0	0.0	-3.0	-3.0	2.0	5.0	20.0	68.0	2.0	9	N.A.	6.0	0.01
87(3)	0	1	5	3	1	1	1	1	0.2	8.05		1	0	0	0	0	0	0	0	0	0	0	0	0	0	0			100.0	49.0	77.0	77.0	172.0	168.0	159.0	16.0	135.0	50.0	45.0	28.0	17.0	14.0	13.0	14.0	11.0	11.0	11.0	8.0	8.0	8.0	8.0	0.0	6.0	0.0	0.0	8	N.A.	72.0	0.12
87(4)	0	1	5	3	1	4	1	1	0.2	7.50		1	0	0	0	0	0	0	0	0	0	0	0	0	0	0			100.0	68.0	67.0	67.0	162.0	158.0	157.0	31.0	104.0	32.0	3.0	0.0	3.0	1.0	-1.0	1.0	53.0	53.0	45.0	41.0	50.0	50.0	59.0	9.0	29.0	0.0	0.0	0	N.A.	120.0	0.20
86(1)	1	1	4	1	1	1	1	1	0.772	13.40		1	0	0	0	0	0	0	0	0	0	0	0	0	0	0			100.0	88.2	89.2	89.2	179.8	173.0	150.3	140.0	65.3	10.6	8.2	1.4	4.3	1.8	-0.4	1.8	50.5	50.5	50.5	44.1	45.7	45.7	47.2	1.6	2.5	0.0	0.0	19.68	0.14	223.3	0.37
86(2)	1	1	4	1	1	4	1	1	0.389	7.11		1	0	0	0	0	0	0	0	0	0	0	0	0	0	0			100.0	87.7	87.8	87.8	177.7	168.0	144.7	143.1	67.7	11.0	7.2	0.5	3.0	1.2	-0.7	1.2	49.2	49.2	49.2	42.2	46.1	46.1	44.2	3.9	3.7	0.0	0.0	20.21	5.77	227.2	0.38
84(2)	0	3	4	3	1	1	0	1	0	1.99		1	0	0	0	0	0	0	0	0	0	0	0	0	0	0			100.0	35.7	78.6	78.6	178.6	178.6	221.0	107.0	0.0	64.3	64.3	42.8	21.4	21.4	21.4	21.4	107.4	107.4	96.7	96.6	94.0	94.0	93.5	0.0	0.0	0.0	0.0	13.8895483915	0.0423965947	350.7	0.58
84(3)	0	3	4	3	1	4	0	1	0	2.32		1	0	0	0	0	0	0	0	0	0	0	0	0	0	0			100.0	41.8	80.6	80.6	180.6	180.6	202.9	91.0	0.0	58.2	58.2	38.8	19.4	19.4	19.4	19.4	91.2	91.2	78.0	76.3	72.0	72.0	69.9	0.0	0.0	0.0	0.0	21.2277647059	2.3576509804	284.6	0.47
84(4)	0	3	4	3	1	4	0	1	0	1.97		1	0	0	0	0	0	0	0	0	0	0	0	0	0	0			100.0	47.1	82.4	82.4	182.4	182.4	232.0	94.0	0.0	52.9	52.9	35.3	17.6	17.6	17.6	17.6	94.5	94.5	85.9	83.4	82.0	82.0	81.1	0.0	0.0	0.0	0.0	13.3944649264	0.0449056756	302.9	0.50
84(5)	0	3	4	3	1	4	0	1	0	1.63		1	0	0	0	0	0	0	0	0	0	0	0	0	0	0			100.0	37.0	79.0	79.0	179.0	179.0	180.6	80.0	0.0	63.0	63.0	42.0	21.0	21.0	21.0	21.0	79.8	79.8	41.1	41.1	37.0	37.0	36.3	0.0	0.0	0.0	0.0	43.4600353565	0.0058927519	181.8	0.30
83(1)	0	1	1	1	1	2	1	1	0.74	8.77		1	0	0	0	0	0	0	0	0	0	0	0	0	0	0			100.0	58.4	79.5	79.5	167.5	158.1	119.9	114.6	47.9	40.2	40.2	21.8	18.4	12.3	9.5	12.3	42.0	42.0	43.0	35.4	34.3	34.3	20.4	-0.9	0.0	0.0	0.0	34.9	13.9	212.2	0.35
83(2)	0	1	1	1	1	5	1	1	0.67	8.34		1	0	0	0	0	0	0	0	0	0	0	0	0	0	0			100.0	53.2	78.1	78.1	166.6	157.7	117.9	111.8	49.7	45.2	45.1	25.3	19.8	13.9	11.3	13.9	43.2	43.2	48.7	41.4	36.0	36.0	24.0	-5.5	0.1	0.0	0.0	36.6	12	222.4	0.37
83(3)	0	1	1	1	1	5	1	1	0.62	7.54		1	0	0	0	0	0	0	0	0	0	0	0	0	0	0			100.0	54.8	78.4	78.4	166.5	157.2	120.2	115.3	55.7	43.8	43.8	24.2	19.6	13.5	10.8	13.5	33.9	33.9	33.5	26.0	26.3	26.3	12.1	0.3	0.0	0.0	0.0	33.7	14.2	199.1	0.33
83(4)	0	1	1	1	1	5	1	1	0.58	7.63		1	0	0	0	0	0	0	0	0	0	0	0	0	0	0			100.0	53.5	77.5	77.5	165.0	155.2	120.2	113.2	49.9	45.4	45.4	25.0	20.4	13.9	11.1	13.9	34.3	34.3	32.1	24.1	26.4	26.4	13.5	2.3	0.0	0.0	0.0	31.5	12.9	196.2	0.33
83(5)	0	1	1	1	1	5	1	1	0.23	4.67		1	0	0	0	0	0	0	0	0	0	0	0	0	0	0			100.0	-4.4	47.5	47.5	135.3	126.0	126.3	130.0	0.0	103.0	86.4	52.6	33.8	27.7	24.9	27.7	73.9	73.9	43.5	35.9	66.2	66.2	59.8	30.4	16.6	0.0	0.0	-3.9	6.4	306.1	0.51
83(6)	0	1	1	1	1	5	1	1	0.39	5.87		1	0	0	0	0	0	0	0	0	0	0	0	0	0	0			100.0	0.7	50.8	50.8	136.4	125.3	109.9	99.7	0.0	97.6	85.3	50.9	34.3	27.1	23.8	27.1	56.2	56.2	43.4	34.3	47.1	47.1	46.8	12.8	12.4	0.0	0.0	11.3	0.3	251.7	0.42
83(7)	0	1	1	1	1	5	1	1	0.47	4.58		1	0	0	0	0	0	0	0	0	0	0	0	0	0	0			100.0	6.0	56.4	56.4	142.5	131.8	110.5	95.5	0.0	92.4	85.4	51.2	34.2	27.2	24.0	27.2	60.2	60.2	54.5	45.8	51.5	51.5	51.4	5.7	7.0	0.0	0.0	17.4	0.1	263.9	0.44
83(8)	0	1	1	1	1	5	1	1	0.56	4.91		1	0	0	0	0	0	0	0	0	0	0	0	0	0	0			100.0	18.0	62.8	62.8	150.4	140.7	104.7	92.2	0.0	79.6	74.6	44.6	30.0	23.7	20.9	23.7	75.3	75.3	84.9	77.0	67.5	67.5	65.2	-9.6	5.0	0.0	0.0	32.5	2.3	298.5	0.50
83(9)	0	1	1	1	1	2	1	1	0.19	4.46		1	0	0	0	0	0	0	0	0	0	0	0	0	0	0			100.0	-16.7	38.7	38.7	123.5	111.1	92.0	93.8	0.0	115.0	93.9	56.3	37.6	29.9	26.4	29.9	46.7	46.7	32.0	22.4	37.1	37.1	32.2	14.7	21.0	0.0	0.0	15.4	4.9	231.6	0.39
80(1)	0	4	2	1	1	1	1	1	0.25	4.79		1	0	0	0	0	0	0	0	0	0	0	0	0	0	0			100.0	0.0	0.0	0.0	92.0	79.0	86.0	129.0	0.0	100.0	4.0	-1.0	5.0	0.5	-1.5	0.5	115.0	115.0	115.0	104.0	104.0	104.0	87.0	0.0	96.0	0.0	0.0	40	18	330.0	0.55
80(2)	0	4	2	1	1	4	1	1	0.23	4.20		1	0	0	0	0	0	0	0	0	0	0	0	0	0	0			100.0	0.0	0.0	0.0	92.0	79.0	88.0	132.0	0.0	100.0	4.0	-1.0	5.0	0.5	-1.5	0.5	118.0	118.0	118.0	107.0	107.0	107.0	79.0	0.0	96.0	0.0	0.0	49	28	340.0	0.57
80(3)	0	4	2	1	1	4	1	1	0.21	4.10		1	0	0	0	0	0	0	0	0	0	0	0	0	0	0			100.0	0.0	0.0	0.0	92.0	80.0	89.0	139.0	0.0	100.0	3.0	-0.5	3.5	0.5	-1.0	0.5	126.0	126.0	126.0	117.0	117.0	117.0	76.0	0.0	96.0	0.0	0.0	58	41	368.0	0.61
80(4)	0	4	2	1	1	1	1	1	0.15	0.85		0	1	0	0	0	0	0	0	0	0	0	0	0	0	0			0.0	-66.0	34.0	34.0	34.0	135.0	158.0	153.0	0.0	69.0	17.0	3.0	14.0	4.0	-1.0	4.0	132.0	132.0	132.0	128.0	128.0	128.0	75.0	0.0	52.0	0.0	0.0	58	54	426.0	0.71
80(5)	0	4	2	1	1	4	1	1	0.09	0.87		0	1	0	0	0	0	0	0	0	0	0	0	0	0	0			0.0	-63.0	37.0	37.0	37.0	133.0	158.0	187.0	0.0	68.0	15.0	3.0	12.0	3.5	-0.5	3.5	179.0	179.0	179.0	179.0	179.0	179.0	86.0	0.0	53.0	0.0	0.0	94	93	559.0	0.93
80(6)	0	4	2	1	1	4	1	1	0.11	0.90		0	1	0	0	0	0	0	0	0	0	0	0	0	0	0			0.0	-67.0	33.0	33.0	33.0	133.0	168.0	196.0	0.0	67.0	13.0	2.0	11.0	3.0	-1.0	3.0	189.0	189.0	189.0	194.0	194.0	194.0	112.0	0.0	57.0	0.0	0.0	77	82	597.0	1.00
79(1)	0	35	4	1	2	1	1	1	0.042	3.9		1	0	0	0	0	0	0	0	0	0	0	0	0	0	0			100.0	94.0	96.0	96.0	192.0	191.0	195.0	157.0	51.0	4.0	4.0	2.0	2.0	1.0	1.0	1.0	2.0	2.0	2.0	0.0	0.0	0.0	7.0	0.0	0.0	102.0	29.0	-4	-7	160.0	0.27
79(2)	0	35	4	1	2	1	1	1	0.021	1.9		1	0	0	0	0	0	0	0	0	0	0	0	0	0	0			100.0	86.0	93.0	93.0	190.0	189.0	193.0	154.0	38.0	12.0	12.0	8.0	4.0	4.0	3.0	4.0	3.0	3.0	3.0	0.0	0.0	0.0	8.0	0.0	0.0	111.0	30.0	-4	-8	165.0	0.28
79(3)	0	35	4	1	2	1	1	1	0.034	2.30		0	0	0	0	0	0	1	0	0	0	0	0	0	0	0			0.0	1.0	65.0	65.0	163.0	163.0	171.0	152.0	21.0	0.0	0.0	-33.0	33.0	33.0	33.0	33.0	1.0	1.0	1.0	0.0	0.0	0.0	8.0	0.0	0.0	129.0	10.0	-8	-8	153.0	0.31
79(4)	0	35	4	1	2	1	1	1	0.022	1.50		0	0	0	0	0	0	1	0	0	0	0	0	0	0	0			0.0	1.0	65.0	65.0	163.0	163.0	171.0	153.0	24.0	0.0	0.0	-33.0	33.0	33.0	33.0	33.0	1.0	1.0	1.0	0.0	0.0	0.0	8.0	0.0	0.0	127.0	8.0	-8	-8	154.0	0.31
78(1)	1	2	4	1	1	1	1	1	0.43	2.06		1	0	0	0	0	0	0	0	0	0	0	0	0	0	0			100.0	27.6	67.5	67.5	167.5	126.7	100.2	100.2	2.3	68.9	68.9	41.7	27.6	23.2	18.4	23.2	100.2	100.2	73.7	73.7	73.7	73.7	73.7	0.0	0.0	0.0	0.0	26.5	N.A.	290.0	0.48
78(2)	1	2	4	1	1	4	1	1	0	0.56		1	0	0	0	0	0	0	0	0	0	0	0	0	0	0			100.0	22.2	73.6	73.6	173.6	174.0	173.6	71.8	0.5	77.6	77.4	50.9	26.4	26.4	26.4	26.4	71.8	71.8	71.8	71.8	71.8	71.8	71.8	0.0	0.0	0.0	0.0	0.5	N.A.	220.5	0.37
78(3)	1	2	4	1	1	6	1	1	0	0.70		1	0	0	0	0	0	0	0	0	0	0	0	0	0	0			100.0	-0.3	67.1	67.1	167.1	166.5	127.7	14.3	0.7	100.3	100.0	67.1	32.9	32.9	32.9	32.9	14.3	14.3	14.3	14.3	14.3	14.3	14.3	0.0	0.0	0.0	0.0	38.9	N.A.	89.7	0.15
78(4)	1	2	4	1	1	6	1	1	0	0.71		1	0	0	0	0	0	0	0	0	0	0	0	0	0	0			100.0	-12.8	63.0	63.0	163.0	162.4	162.4	0.0	0.7	112.8	113.7	75.3	38.4	38.4	38.4	38.4	0.0	0.0	0.0	0.0	0.0	0.0	0.0	0.0	0.0	0.0	0.0	0	N.A.	113.7	0.19
78(5)	1	2	4	1	1	6	1	1	0	0.43		1	0	0	0	0	0	0	0	0	0	0	0	0	0	0			100.0	43.2	82.4	82.4	182.4	181.2	181.1	0.0	0.5	56.8	56.9	29.4	19.6	19.6	19.6	19.6	0.0	0.0	0.0	0.0	0.0	0.0	0.0	0.0	0.0	0.0	0.0	0	N.A.	56.9	0.09
75(1)	1	1	1	1	1	2	1	1	0.42	6.60		1	0	0	0	0	0	0	0	0	0	0	0	0	0	0			100.0	86.0	90.0	90.0	181.0	170.0	143.0	123.0	63.0	14.0	14.0	5.0	9.0	4.0	1.0	4.0	44.0	44.0	44.0	34.0	34.0	34.0	34.0	0.0	0.0	0.0	0.0	21	1	195.0	0.33
75(2)	1	1	1	1	1	3	1	1	0.39	6.40		1	0	0	0	0	0	0	0	0	0	0	0	0	0	0			100.0	87.0	91.0	91.0	183.0	173.0	143.0	129.0	61.0	13.0	13.0	5.0	8.0	4.0	1.0	4.0	54.0	54.0	54.0	45.0	45.0	45.0	40.0	0.0	0.0	0.0	0.0	24	6	223.0	0.37
75(3)	1	1	1	1	1	3	1	1	0.33	6.10		1	0	0	0	0	0	0	0	0	0	0	0	0	0	0			100.0	88.0	92.0	92.0	185.0	176.0	152.0	138.0	74.0	12.0	12.0	4.0	8.0	3.0	1.0	3.0	52.0	52.0	52.0	44.0	44.0	44.0	41.0	0.0	0.0	0.0	0.0	19	4	231.0	0.39
75(4)	1	1	1	1	1	3	1	1	0.26	5.80		1	0	0	0	0	0	0	0	0	0	0	0	0	0	0			100.0	88.0	93.0	93.0	187.0	180.0	155.0	149.0	84.0	11.0	11.0	6.0	5.0	4.0	2.0	4.0	54.0	54.0	54.0	48.0	48.0	48.0	40.0	0.0	0.0	0.0	0.0	21	8	249.0	0.42
75(5)	1	1	1	1	1	3	1	1	0.24	5.80		1	0	0	0	0	0	0	0	0	0	0	0	0	0	0			100.0	88.0	93.0	93.0	188.0	182.0	160.0	152.0	88.0	11.0	11.0	6.0	5.0	4.0	2.0	4.0	54.0	54.0	54.0	48.0	48.0	48.0	43.0	0.0	0.0	0.0	0.0	17	5	253.0	0.42
75(6)	1	1	1	1	1	3	1	1	0.22	5.90		1	0	0	0	0	0	0	0	0	0	0	0	0	0	0			100.0	87.0	93.0	93.0	189.0	183.0	162.0	155.0	91.0	12.0	12.0	6.0	6.0	4.0	2.0	4.0	55.0	55.0	55.0	49.0	49.0	49.0	44.0	0.0	0.0	0.0	0.0	17	6	260.0	0.43
74(1)	0	1	1	1	1	1	1	1	0.61	8.26		1	0	0	0	0	0	0	0	0	0	0	0	0	0	0			100.0	70.2	79.5	79.5	170.6	159.2	122.9	112.4	67.4	29.4	20.3	9.8	10.5	6.5	3.3	6.5	27.1	27.1	27.1	15.9	15.9	15.9	10.0	0.0	9.1	0.0	0.0	2.41	0.48	151.9	0.25
74(2)	0	1	1	1	1	1	1	1	0.18	2.00		0	0	1	0	0	0	0	0	0	0	0	0	0	0	0			100.0	72.4	80.2	80.2	216.6	158.1	170.5	151.2	4.6	27.6	18.4	8.3	10.1	6.0	2.3	6.0	77.0	77.0	27.2	13.8	63.6	63.6	112.0	49.8	9.2	0.0	0.0	-0.44	0.03	232.3	0.39
73(1)	0	29	5	2	1	1	1	1	0.01	0.39		0	0	0	0	0	0	0	0	0	0	0	1	0	0	0			0.0	-27.2	-13.8	-13.8	76.4	70.8	66.3	45.4	33.0	26.2	26.2	13.7	12.5	7.6	6.1	7.6	5.9	5.9	0.4	-5.5	0.0	0.0	0.0	5.5	0.0	0.0	0.0	4.67	0	66.3	0.22
73(2)	0	29	5	2	1	1	1	1	0.03	0.74		0	0	0	0	0	0	0	0	0	0	0	1	0	0	0			0.0	-90.4	-32.1	-32.1	64.4	61.7	50.0	48.7	30.5	90.0	90.0	58.5	31.5	29.5	28.9	29.5	9.4	9.4	0.7	0.1	0.0	0.0	0.0	8.8	0.0	0.0	0.0	10.36	4.96	134.2	0.45
73(3)	0	29	5	2	1	1	1	1	0.03	0.57		0	0	0	0	0	0	0	0	0	0	0	1	0	0	0			0.0	-1.3	-2.2	-2.2	94.6	92.1	79.3	81.9	62.8	0.8	0.8	0.8	0.1	0.1	0.7	0.1	10.0	10.0	1.0	0.2	0.8	0.8	0.8	9.0	0.0	0.0	0.0	11.64	7.87	80.1	0.27
72(1)	0	1	5	1	3	1	2	1	0.2	7.00		1	0	0	0	0	0	0	0	0	0	0	0	0	0	0			100.0	88.0	93.5	92.5	188.5	185.5	165.5	34.0	102.0	11.5	11.0	6.0	6.0	3.0	2.0	3.0	16.0	16.0	16.0	13.0	2.0	2.0	2.0	0.0	0.5	32.0	0.0	19	0	55.0	0.09
72(2)	0	1	5	1	1	1	2	1	0.2	3.01		1	0	0	0	0	0	0	0	0	0	0	0	0	0	0			100.0	81.0	87.5	87.0	177.5	169.0	146.5	101.5	23.0	18.0	18.0	7.5	10.5	5.0	2.5	5.0	81.5	81.5	81.5	75.0	73.5	73.5	73.5	0.0	0.0	0.0	3.0	19	0	257.0	0.43
72(3)	0	1	5	1	1	1	2	1	0.2	2.53		1	0	0	0	0	0	0	0	0	0	0	0	0	0	0			100.0	76.0	85.0	84.0	172.5	163.0	134.5	107.5	2.0	23.0	22.5	10.0	12.5	6.5	3.5	6.5	81.5	81.5	81.5	74.0	69.5	69.5	69.5	0.0	0.5	0.0	5.0	25	0	260.5	0.43
70(1)	0	1	5	2	1	1	1	1	0.2	3.07		1	0	0	0	0	0	0	0	0	0	0	0	0	0	0			100.0	88.9	91.4	91.4	182.3	165.7	149.7	126.5	0.0	10.0	10.0	3.0	7.0	3.0	0.1	3.0	97.9	97.9	86.0	75.7	87.7	87.7	99.7	12.0	0.0	0.0	0.0	9.94	0	298.0	0.50
70(2)	0	1	5	2	1	1	1	1	0.4	4.75		1	0	0	0	0	0	0	0	0	0	0	0	0	0	0			100.0	81.2	87.5	87.5	175.7	155.4	118.2	88.5	0.2	17.4	17.4	6.9	10.5	5.3	1.6	5.3	67.5	67.5	67.5	54.3	54.3	54.3	54.1	0.0	0.0	0.0	0.0	28.4	0.2	244.4	0.41
70(3)	0	1	5	2	1	1	1	1	0.6	6.67		1	0	0	0	0	0	0	0	0	0	0	0	0	0	0			100.0	85.3	88.6	88.6	176.2	154.0	113.2	85.2	13.2	13.2	13.2	3.9	9.3	3.9	0.0	3.9	50.2	50.2	50.2	36.4	36.4	36.4	33.4	0.0	0.0	0.0	0.0	32.4	3	197.5	0.33
70(4)	0	1	5	2	1	1	1	1	0.7	8.05		1	0	0	0	0	0	0	0	0	0	0	0	0	0	0			100.0	85.4	88.7	88.7	176.5	154.5	114.3	86.3	16.5	13.1	13.1	3.8	9.0	3.8	0.0	3.8	48.3	48.3	48.3	34.6	34.6	34.6	31.8	0.0	0.0	0.0	0.0	31.9	2.8	194.2	0.32
69(1)	1	2	2	1	1	1	1	1	0.42	4.80		1	0	0	0	0	0	0	0	0	0	0	0	0	0	0			100.0	50.7	73.5	73.5	157.2	146.0	145.4	91.2	0.0	46.9	46.9	25.5	21.4	13.9	11.6	13.9	62.7	62.7	62.7	52.1	52.1	52.1	52.1	0.0	0.0	0.0	0.0	78.7	0	174.2	0.29
69(2)	1	2	2	1	1	4	1	1	0.4	4.80		1	0	0	0	0	0	0	0	0	0	0	0	0	0	0			100.0	40.4	69.7	69.7	153.2	142.5	142.4	74.5	0.0	56.2	56.2	31.8	24.4	17.0	14.8	17.0	48.3	48.3	48.3	38.0	38.0	38.0	30.1	0.0	0.0	0.0	0.7	68.3	7.9	156.6	0.26
69(3)	1	2	2	1	1	4	1	1	0.35	4.20		1	0	0	0	0	0	0	0	0	0	0	0	0	0	0			100.0	33.7	67.1	67.1	150.1	139.5	139.1	68.0	0.0	62.2	62.2	36.0	26.2	19.1	16.9	19.1	42.0	42.0	42.0	31.9	31.9	31.9	25.8	0.0	0.0	0.0	0.3	61.6	6.1	148.6	0.25
69(4)	1	2	2	1	1	4	1	1	0.35	5.10		1	0	0	0	0	0	0	0	0	0	0	0	0	0	0			100.0	36.8	70.3	70.3	155.4	146.5	146.1	81.2	0.0	60.2	60.2	35.6	24.6	18.7	16.9	18.7	59.5	59.5	59.5	50.9	50.9	50.9	43.5	0.0	0.0	0.0	0.0	37.8	7.4	221.4	0.37
69(5)	1	2	2	1	1	4	1	1	0.35	5.00		1	0	0	0	0	0	0	0	0	0	0	0	0	0	0			100.0	34.3	68.9	68.9	153.5	144.5	144.4	81.9	0.0	62.1	62.1	36.7	25.4	19.3	17.4	19.3	59.8	59.8	59.8	51.1	51.1	51.1	44.4	0.0	0.0	0.0	0.0	36.8	6.7	224.8	0.37
69(6)	1	2	2	1	1	4	1	1	0.27	3.50		1	0	0	0	0	0	0	0	0	0	0	0	0	0	0			100.0	38.6	68.7	68.7	150.2	139.7	139.5	63.6	0.0	57.2	57.2	32.6	24.6	17.4	15.2	17.4	38.2	38.2	38.2	27.9	27.9	27.9	21.3	0.0	0.0	0.0	0.0	43	6.6	150.5	0.25
69(7)	1	2	2	1	1	4	1	1	0.31	4.90		1	0	0	0	0	0	0	0	0	0	0	0	0	0	0			100.0	33.1	70.0	70.0	157.4	149.2	149.1	84.5	0.0	64.8	64.8	38.9	25.9	20.3	18.6	20.3	64.4	64.4	64.4	56.4	56.4	56.4	50.4	0.0	0.0	0.0	0.0	37.2	6	238.9	0.40
69(8)	1	2	2	1	1	4	1	1	0.22	3.10		1	0	0	0	0	0	0	0	0	0	0	0	0	0	0			100.0	33.9	67.5	67.5	150.9	141.3	141.1	67.0	0.0	61.4	61.4	35.9	25.5	18.9	17.0	18.9	43.4	43.4	43.4	34.0	34.0	34.0	28.1	0.0	0.0	0.0	0.2	41.7	5.9	170.0	0.28
69(9)	1	2	2	1	1	4	1	1	0.28	3.70		1	0	0	0	0	0	0	0	0	0	0	0	0	0	0			100.0	35.6	67.6	67.6	149.8	140.1	139.8	72.7	0.0	59.0	59.0	34.3	24.7	18.2	16.1	18.2	48.8	48.8	48.8	39.3	39.3	39.3	28.5	0.0	0.0	0.0	0.2	42.9	10.8	187.7	0.31
69(10)	1	2	2	1	1	4	1	1	0.35	4.70		1	0	0	0	0	0	0	0	0	0	0	0	0	0	0			100.0	33.5	69.0	69.0	155.0	145.6	145.2	70.7	0.0	64.0	64.0	37.7	26.3	19.8	17.9	19.8	47.6	47.6	47.6	38.8	38.8	38.8	21.0	0.0	0.0	0.0	1.5	53.1	17.8	185.8	0.31
69(11)	1	2	2	1	1	4	1	1	0.26	3.80		1	0	0	0	0	0	0	0	0	0	0	0	0	0	0			100.0	27.0	67.1	67.1	153.5	144.7	144.2	61.4	0.0	70.2	70.2	42.2	28.0	22.0	20.2	22.0	39.9	39.9	39.9	31.7	31.7	31.7	10.3	0.0	0.0	0.0	0.9	61.1	21.4	163.5	0.27
69(12)	1	2	2	1	1	4	1	1	0.23	3.60		1	0	0	0	0	0	0	0	0	0	0	0	0	0	0			100.0	21.8	66.1	66.1	153.5	144.6	145.0	58.1	0.0	75.6	75.6	46.1	29.5	23.9	22.2	23.9	38.2	38.2	38.2	30.3	30.3	30.3	14.0	0.0	0.0	0.0	0.7	58.4	16.3	160.1	0.27
69(13)	1	2	2	1	1	4	1	1	0.32	5.10		1	0	0	0	0	0	0	0	0	0	0	0	0	0	0			100.0	14.2	63.7	63.7	151.5	143.3	142.9	51.4	0.0	83.6	83.6	51.5	32.1	26.6	24.9	26.6	31.3	31.3	31.3	23.5	23.5	23.5	17.3	0.0	0.0	0.0	0.5	50.4	6.2	145.6	0.24
67(1)	0	1	1	1	1	1	0	1	0.8	10.17		1	0	0	0	0	0	0	0	0	0	0	0	0	0	0			100.0	59.3	79.0	79.0	165.9	155.7	119.3	109.5	27.5	39.0	39.0	20.7	18.4	11.8	8.9	11.8	53.8	53.8	53.8	45.2	45.2	45.2	34.4	0.0	0.0	0.0	0.0	32.4590163934	11.1475409836	226.2	0.38
67(2)	0	1	1	1	1	4	0	1	0.65	9.90		1	0	0	0	0	0	0	0	0	0	0	0	0	0	0			100.0	51.9	77.4	77.4	165.3	155.9	100.0	113.5	31.0	46.5	46.5	25.9	20.5	14.5	11.8	14.5	57.2	57.2	57.2	49.8	49.8	49.8	16.8	0.0	0.0	0.0	0.0	52.861952862	32.6599326599	246.8	0.41
67(3)	0	1	1	1	1	4	0	1	0.2	2.93		1	0	0	0	0	0	0	0	0	0	0	0	0	0	0			100.0	0.0	53.4	53.4	140.9	130.7	111.4	119.3	0.0	97.7	89.8	54.5	36.4	28.4	26.1	28.4	62.5	62.5	36.4	28.4	54.6	54.6	78.8	28.4	8.0	0.0	0.0	14.77	19.3181818182	278.4	0.46
66(1)	0	1	4	1	2	1	1	1	0.465	5.23		1	0	0	0	0	0	0	0	0	0	0	0	0	0	0			100.0	96.9	97.0	97.0	190.2	190.2	174.4	21.6	0.0	2.7	2.7	0.2	2.5	0.5	-0.3	0.5	0.0	0.0	0.0	0.0	0.0	0.0	0.0	0.0	0.0	158.8	1.0	14.265	N.A.	12.3	0.02
66(2)	0	1	4	1	2	4	1	1	0.414	4.62		1	0	0	0	0	0	0	0	0	0	0	0	0	0	0			100.0	84.5	92.9	92.9	186.3	186.3	168.9	0.0	0.0	15.1	15.1	8.5	6.5	4.6	3.9	4.6	0.0	0.0	0.0	0.0	0.0	0.0	0.0	0.0	0.0	153.5	1.1	15.923	N.A.	1.4	0.00
65(1)	0	3	1	1	1	1	1	1	0.59	7.63		1	0	0	0	0	0	0	0	0	0	0	0	0	0	0			100.0	54.4	78.7	78.7	151.6	151.6	149.4	96.7	44.3	43.3	43.3	24.3	19.1	13.9	10.4	13.9	43.4	43.4	43.4	34.1	34.1	34.1	21.3	0.0	0.0	0.0	0.0	36.79	12.75	193.6	0.32
65(2)	0	3	1	1	1	1	1	1	0.75	20.54		0.275	0	0	0	0	0	0	0	0.7254138267	0	0	0	0	0	0			27.5	11.9	19.1	19.1	31.8	31.8	68.9	48.8	36.5	15.0	15.0	7.2	7.8	4.6	2.6	4.6	8.6	8.6	8.6	3.4	3.4	3.4	54.8	0.0	0.0	0.0	0.0	-38	21	134.8	0.22
65(3)	0	3	1	1	1	1	1	1	0.57	26.51		0	0	0	0	0	0	0	0	1	0	0	0	0	0	0			0.0	-8.2	-4.7	-4.7	-13.5	-13.5	36.1	52.8	39.1	7.5	7.5	3.5	4.0	2.3	1.2	2.3	10.7	10.7	10.7	7.6	7.6	7.6	64.1	0.0	0.0	0.0	0.0	-48.6	43.5	171.0	0.29
64	0	34	1	1	1	1	1	1	0.01	0.10		1	0	0	0	0	0	0	0	0	0	0	0	0	0	1			100.0	50.2	79.8	79.8	171.6	166.0	214.0	160.2	0.0	48.1	48.1	30.1	18.0	15.7	14.4	15.7	120.2	120.2	120.2	114.5	114.5	114.5	155.0	0.0	0.0	0.0	0.0	-10.3	N.A.	453.3	0.64
62(1)	0	1	5	2	1	1	1	1	0.1	1.47		1	0	0	0	0	0	0	0	0	0	0	0	0	0	0			100.0	78.9	88.6	88.6	180.1	169.3	136.3	116.9	1.6	20.3	20.3	10.2	10.1	6.6	3.6	6.6	98.9	98.9	98.9	88.4	88.4	88.4	83.8	0.0	0.0	0.0	0.3	26.6	4.5	320.7	0.53
62(2)	0	1	5	2	1	4	1	1	0.1	2.34		1	0	0	0	0	0	0	0	0	0	0	0	0	0	0			100.0	63.0	84.8	84.8	179.3	172.2	141.5	138.0	0.2	36.4	36.4	22.1	14.3	12.0	10.1	12.0	127.0	127.0	127.0	120.1	120.1	120.1	108.1	0.0	0.0	0.0	0.1	26.5	12	419.1	0.70
59(1)	0	1	5	1	3	1	1	1	0.1	6.88		1	0	0	0	0	0	0	0	0	0	0	0	0	0	0			100.0	95.1	96.9	96.9	196.8	196.2	191.4	54.8	92.8	4.7	4.7	5.9	-1.2	3.2	2.7	3.1	30.2	30.2	28.3	28.2	25.2	25.2	27.1	1.9	0.0	44.9	0.3	3.8	N.A.	112.2	0.19
59(2)	0	1	5	1	3	1	1	1	0.1	3.66		1	0	0	0	0	0	0	0	0	0	0	0	0	0	0			100.0	99.5	98.7	98.7	194.7	189.7	178.7	48.1	59.6	0.3	0.3	-1.1	1.4	0.1	-1.2	0.1	12.6	12.6	11.8	10.2	10.3	10.3	11.2	0.8	0.0	34.8	0.1	9.3	N.A.	61.1	0.10
59(3)	0	1	5	1	3	1	1	1	0.10	5.43		1	0	0	0	0	0	0	0	0	0	0	0	0	0	0			100.0	98.9	99.3	99.3	189.1	186.3	181.9	34.2	69.9	0.8	0.8	0.4	0.4	0.7	-0.3	0.8	19.2	19.2	10.4	4.1	8.6	8.6	17.3	8.8	0.0	48.2	3.8	2.7	N.A.	46.8	0.08
59(4)	0	1	5	1	3	1	1	1	0.10	3.84		1	0	0	0	0	0	0	0	0	0	0	0	0	0	0			100.0	97.3	96.1	96.1	188.4	182.1	171.3	29.7	53.7	0.5	0.5	-1.9	2.4	0.0	-1.9	0.1	14.5	14.5	12.1	7.5	9.1	9.1	11.5	2.4	0.0	38.9	0.1	8.1	N.A.	41.7	0.07
58(1)	0	25	1	1	1	1	1	1	0.31	5		1	0	0	0	0	0	0	0	0	0	0	0	0	0	0			100.0	68.0	85.5	85.5	178.5	169.0	196.0	169.5	79.0	31.0	31.0	17.5	13.5	9.5	8.0	9.5	65.5	65.5	40.5	34.5	59.5	59.5	84.5	25.0	0.0	0.0	8.5	-11	N.A.	281.0	0.47
58(2)	0	25	1	1	3	1	1	1	0.20	5		1	0	0	0	0	0	0	0	0	0	0	0	0	0	0			100.0	80.0	91.0	91.0	187.0	181.0	192.5	112.0	46.0	19.5	19.5	10.5	9.0	6.0	4.5	6.0	25.0	25.0	10.5	7.0	21.5	21.5	36.0	14.5	0.0	28.0	73.0	-7.5	N.A.	155.0	0.26
57(1)	0	4	2	1	1	2	1	1	0.48	5.23		1	0	0	0	0	0	0	0	0	0	0	0	0	0	0			100.0	-3.6	-3.8	-3.8	83.5	67.8	76.1	98.8	0.0	103.1	9.2	0.0	9.2	1.8	-1.8	1.8	77.8	77.8	77.8	65.7	65.7	65.7	47.8	0.0	93.9	0.0	0.0	45.0545245839	17.8304955041	224.3	0.37
57(2)	0	4	2	1	1	1	1	1	0.56	5.70		1	0	0	0	0	0	0	0	0	0	0	0	0	0	0			100.0	0.2	0.0	0.0	85.7	68.5	70.6	90.4	0.0	99.3	10.6	0.0	10.6	1.9	-1.9	1.9	67.7	67.7	67.7	54.8	54.8	54.8	36.6	0.0	88.7	0.0	0.0	47.3250306964	18.1371689177	194.2	0.32
57(3)	0	4	2	1	1	1	1	1	0.52	6.51		1	0	0	0	0	0	0	0	0	0	0	0	0	0	0			100.0	-17.4	-16.8	-16.8	71.7	57.4	66.9	105.5	0.0	117.0	9.6	0.8	8.9	1.9	-1.2	1.9	85.9	85.9	85.9	74.2	74.2	74.2	33.8	0.0	107.3	0.0	0.0	66.3083538084	40.433046683	249.4	0.42
57(4)	0	4	2	1	1	4	1	1	0.60	6.48		1	0	0	0	0	0	0	0	0	0	0	0	0	0	0			100.0	-5.9	-5.4	-5.4	80.9	64.4	68.4	94.9	0.0	105.4	11.2	0.6	10.5	2.1	-1.4	2.1	73.3	73.3	73.3	60.9	60.9	60.9	35.1	0.0	94.2	0.0	0.0	53.772565962	25.8139176053	212.3	0.35
57(5)	0	4	2	6	1	1	1	1	0.53	10.71		1	0	0	0	0	0	0	0	0	0	0	0	0	0	0			100.0	-35.0	-34.8	-34.8	58.0	49.3	59.0	141.5	0.0	134.7	5.6	0.2	5.3	1.1	-0.8	1.1	129.4	129.4	129.4	122.1	122.1	122.1	51.9	0.0	129.1	0.0	0.0	86.2664550462	70.133507609	382.4	0.64
57(6)	0	4	2	6	1	1	1	1	0.45	15.29		1	0	0	0	0	0	0	0	0	0	0	0	0	0	0			100.0	-24.2	-23.4	-23.4	72.5	67.4	79.7	165.8	0.0	124.0	4.2	0.8	3.3	1.0	-0.2	1.0	158.8	158.8	158.8	154.6	154.6	154.6	114.5	0.0	119.9	0.0	0.0	49.4668672728	40.14522143	474.1	0.79
57(7)	0	4	2	6	1	1	1	1	0.45	15.86		1	0	0	0	0	0	0	0	0	0	0	0	0	0	0			100.0	-34.2	-33.4	-33.4	62.6	57.7	62.4	166.4	0.0	134.1	4.2	0.9	3.3	1.0	-0.1	1.0	159.5	159.5	159.5	155.3	155.3	155.3	87.7	0.0	129.9	0.0	0.0	76.7702881644	67.51371461	476.0	0.79
57(8)	0	4	2	6	1	4	1	1	0.45	13.37		1	0	0	0	0	0	0	0	0	0	0	0	0	0	0			100.0	-37.5	-36.6	-36.6	58.7	52.8	55.8	160.5	0.0	137.3	4.7	0.9	3.8	1.1	-0.2	1.1	152.4	152.4	152.4	147.5	147.5	147.5	70.7	0.0	132.6	0.0	0.0	87.5972471574	76.7728904847	454.2	0.76
57(9)	0	4	2	5	1	4	1	1	0.64	7.57		1	0	0	0	0	0	0	0	0	0	0	0	0	0	0			100.0	-17.4	-17.2	-17.2	70.0	54.6	55.9	100.2	0.0	116.9	10.1	0.3	9.8	1.7	-1.4	1.7	79.4	79.4	79.4	67.4	67.4	67.4	16.5	0.0	106.8	0.0	0.0	77.738142423	50.9050072665	230.2	0.38
57(10)	0	4	2	1	1	6	1	1	0.50	6.78		1	0	0	0	0	0	0	0	0	0	0	0	0	0	0			100.0	-16.3	-16.2	-16.2	73.1	59.8	61.6	110.3	0.0	115.9	8.1	0.2	7.9	1.6	-1.4	1.6	91.7	91.7	91.7	80.3	80.3	80.3	34.1	0.0	107.8	0.0	0.0	71.1189739054	46.144773699	265.4	0.44
57(11)	0	4	2	6	1	5	1	1	0.46	14.37		1	0	0	0	0	0	0	0	0	0	0	0	0	0	0			100.0	-51.6	-51.5	-51.5	44.1	38.6	43.8	162.5	0.0	151.4	3.4	0.2	3.3	0.7	-0.5	0.7	154.7	154.7	154.7	149.9	149.9	149.9	45.7	0.0	148.0	0.0	0.0	114.6596129751	104.2043714325	460.0	0.77
57(12)	0	4	2	6	1	6	1	1	0.16	6.01		1	0	0	0	0	0	0	0	0	0	0	0	0	0	0			100.0	-23.8	-23.8	-23.8	73.0	68.7	78.2	166.0	0.0	123.6	2.2	0.0	2.1	0.6	-0.6	0.6	159.0	159.0	159.0	153.8	153.8	153.8	110.6	0.0	121.4	0.0	0.0	53.9587491683	43.2135728543	470.3	0.78
57(13)	0	4	2	6	1	6	1	1	0.26	10.27		1	0	0	0	0	0	0	0	0	0	0	0	0	0	0			100.0	-25.3	-25.3	-25.3	71.5	67.2	73.1	169.6	0.0	125.1	2.3	0.0	2.3	0.6	-0.5	0.6	163.3	163.3	163.3	159.2	159.2	159.2	109.5	0.0	122.8	0.0	0.0	58.5743499854	49.7029895803	485.5	0.81
57(14)	0	4	2	6	1	6	1	1	0.25	13.55		1	0	0	0	0	0	0	0	0	0	0	0	0	0	0			100.0	-23.3	-23.3	-23.3	74.4	71.4	91.0	177.4	0.0	123.2	1.7	0.1	1.6	0.4	-0.4	0.4	172.8	172.8	172.8	169.6	169.6	169.6	139.0	0.0	121.5	0.0	0.0	37.4603174603	30.5869324474	514.6	0.86
57(15)	0	4	2	5	1	5	1	1	0.66	7.29		1	0	0	0	0	0	0	0	0	0	0	0	0	0	0			100.0	-12.6	-12.7	-12.7	73.5	57.1	61.7	96.8	0.0	112.1	10.5	0.1	10.4	1.7	-1.6	1.7	75.5	75.5	75.5	63.5	63.5	63.5	23.6	0.0	101.6	0.0	0.0	67.2059226762	39.9643542638	219.1	0.37
57(16)	0	4	2	6	1	2	1	1	0.59	6.78		1	0	0	0	0	0	0	0	0	0	0	0	0	0	0			100.0	-13.0	-13.2	-13.2	74.1	58.8	62.2	103.1	0.0	112.6	9.4	0.0	9.4	1.6	-1.6	1.6	83.1	83.1	83.1	71.7	71.7	71.7	30.7	0.0	103.2	0.0	0.0	66.7748119746	40.9674089367	241.5	0.40
57(17)	0	4	2	6	1	6	1	1	0.61	8.51		1	0	0	0	0	0	0	0	0	0	0	0	0	0	0			100.0	-21.9	-22.0	-22.0	67.3	54.4	59.8	117.7	0.0	121.5	8.1	0.1	8.1	1.4	-1.3	1.4	100.6	100.6	100.6	90.9	90.9	90.9	37.2	0.0	113.4	0.0	0.0	75.6378600823	53.6272780717	295.3	0.49
57(18)	0	4	2	6	1	6	1	1	0.49	11.05		1	0	0	0	0	0	0	0	0	0	0	0	0	0	0			100.0	-26.4	-26.4	-26.4	67.3	59.5	67.1	148.5	0.0	126.2	4.7	0.1	4.6	0.9	-0.9	0.9	137.8	137.8	137.8	131.4	131.4	131.4	77.0	0.0	121.5	0.0	0.0	68.6192847442	54.4409234948	408.3	0.68
57(19)	0	4	2	6	1	6	1	1	0.44	8.84		1	0	0	0	0	0	0	0	0	0	0	0	0	0	0			100.0	-19.1	-19.2	-19.2	73.9	65.2	72.4	141.9	0.0	118.8	5.1	0.0	5.0	1.0	-1.0	1.0	129.9	129.9	129.9	122.5	122.5	122.5	81.2	0.0	113.8	0.0	0.0	57.5	41.334841629	383.2	0.64
56(1)	0	3	2	1	1	1	1	1	0.69	10.60		1	0	0	0	0	0	0	0	0	0	0	0	0	0	0			100.0	64.0	82.0	82.0	172.0	161.0	158.0	105.0	54.0	34.0	34.0	18.0	16.0	11.0	7.0	11.0	44.0	44.0	44.0	35.0	35.0	35.0	30.0	0.0	0.0	0.0	0.0	28	5	195.0	0.33
56(2)	0	3	2	1	1	4	1	1	0.34	5.90		1	0	0	0	0	0	0	0	0	0	0	0	0	0	0			100.0	40.0	74.0	74.0	163.0	154.0	187.0	110.0	64.0	57.0	57.0	35.0	22.0	19.0	16.0	19.0	35.0	35.0	35.0	27.0	27.0	27.0	24.0	0.0	0.0	0.0	0.0	22	3	210.0	0.35
56(3)	0	3	2	1	1	6	1	1	0.33	6.40		1	0	0	0	0	0	0	0	0	0	0	0	0	0	0			100.0	51.0	78.0	78.0	167.0	157.0	208.0	110.0	49.0	46.0	46.0	27.0	19.0	15.0	12.0	15.0	51.0	51.0	51.0	43.0	43.0	43.0	30.0	0.0	0.0	0.0	0.0	33	13	230.0	0.38
56(4)	0	3	2	1	1	4	1	1	0.64	9.80		1	0	0	0	0	0	0	0	0	0	0	0	0	0	0			100.0	41.0	74.0	74.0	161.0	149.0	146.0	91.0	45.0	57.0	57.0	33.0	24.0	18.0	15.0	18.0	36.0	36.0	36.0	26.0	26.0	26.0	24.0	0.0	0.0	0.0	0.0	29	2	183.0	0.31
55(1)	0	1	5	2	1	1	1	1	0.10	6.76		1	0	0	0	0	0	0	0	0	0	0	0	0	0	0			100.0	53.0	79.0	79.0	168.0	158.0	120.0	94.0	0.5	46.0	46.0	26.0	20.0	15.0	11.0	15.0	72.0	72.0	72.0	67.0	67.0	67.0	65.0	0.0	0.0	0.0	0.0	30	3	252.0	0.42
55(2)	0	1	5	2	1	1	0	1	0.10	6.76		1	0	0	0	0	0	0	0	0	0	0	0	0	0	0			100.0	55.0	79.0	79.0	168.0	159.0	123.0	94.0	0.5	44.0	44.0	25.0	19.0	14.0	11.0	14.0	73.0	73.0	73.0	67.0	67.0	67.0	63.0	0.0	0.0	0.0	0.0	28	4	254.0	0.42
54(1)	1	8	3	1	2	1	1	1	0.41	9.50		1	0	0	0	0	0	0	0	0	0	0	0	0	0	1			100.0	95.6	94.5	94.5	182.0	182.0	64.2	33.0	62.1	2.6	2.6	1.0	1.6	0.7	0.3	0.7	0.0	0.0	0.0	0.0	-59.6	-59.9	-59.9	0.0	0.0	26.9	0.0	115.6	49.3	-30.7	-0.05
54(2)	1	8	3	1	2	1	1	2	0.40	9.10		1	0	0	0	0	0	0	0	0	0	0	0	0	0	1			100.0	91.4	93.4	93.4	181.5	181.5	51.6	21.3	53.6	6.9	6.9	2.8	4.1	1.8	1.0	1.8	0.0	0.0	0.0	0.0	-63.3	-63.5	-63.5	0.0	0.0	32.0	0.0	127.7	57.9	-41.6	-0.07
54(3)	1	8	3	1	2	1	1	1	0.39	9.40		1	0	0	0	0	0	0	0	0	0	0	0	0	0	1			100.0	95.7	94.8	94.8	182.8	182.8	61.0	40.5	58.5	2.7	2.7	1.1	1.6	0.7	0.4	0.7	0.0	0.0	0.0	0.0	-74.6	-75.6	-75.6	0.0	0.0	16.2	0.0	119.3	37.5	-38.6	-0.06
54(4)	1	8	3	1	2	1	1	2	0.39	9.40		1	0	0	0	0	0	0	0	0	0	0	0	0	0	1			100.0	94.5	94.3	94.3	182.0	182.0	63.6	14.8	46.9	3.8	3.8	1.6	2.2	1.0	0.6	1.0	0.0	0.0	0.0	0.0	-83.5	-83.9	-83.9	0.0	0.0	18.6	0.0	116.2	26	-71.6	-0.12
51(1)	1	20	5	2	1	1	1	1	0.11	1.52		1	0	0	0	0	0	0	0	0	0	0	0	0	0	0			100.0	31.0	75.0	75.0	157.0	159.0	155.0	114.0	10.0	65.0	65.0	43.0	22.0	22.0	21.0	21.0	90.0	90.0	90.0	82.0	82.0	82.0	44.0	0.0	0.0	0.0	0.0	57	38	332.0	0.55
51(2)	1	20	5	2	1	4	1	1	0.11	1.60		1	0	0	0	0	0	0	0	0	0	0	0	0	0	0			100.0	42.5	75.5	75.5	162.5	152.0	146.0	104.5	10.5	50.5	50.5	31.5	19.0	17.0	14.5	16.5	77.0	77.0	77.0	71.0	71.0	71.0	27.5	0.0	0.0	0.0	0.0	50.5	43.5	296.0	0.49
51(3)	1	20	5	2	1	4	1	1	0.43	5.17		1	0	0	0	0	0	0	0	0	0	0	0	0	0	0			100.0	48.0	75.0	75.0	190.0	148.0	142.0	89.0	11.0	48.0	48.0	28.0	20.0	16.0	12.0	17.0	65.0	65.0	65.0	55.0	55.0	55.0	-13.0	0.0	0.0	0.0	0.0	95	68	230.0	0.38
51(4)	1	20	5	3	1	4	1	1	0.11	1.47		1	0	0	0	0	0	0	0	0	0	0	0	0	0	0			100.0	47.0	75.0	75.0	156.0	149.0	146.0	102.0	11.0	47.0	47.0	27.0	20.0	15.0	12.0	15.0	77.0	77.0	77.0	68.0	68.0	68.0	31.0	0.0	0.0	0.0	0.0	59	37	272.0	0.45
51(5)	1	20	5	2	1	4	1	1	0.10	1.31		1	0	0	0	0	0	0	0	0	0	0	0	0	0	0			100.0	50.0	78.0	78.0	162.0	142.0	151.0	109.0	11.0	45.0	45.0	27.0	18.0	15.0	12.0	15.0	84.0	84.0	84.0	76.0	76.0	76.0	76.0	0.0	0.0	0.0	0.0	20	0	294.0	0.49
51(6)	1	20	5	2	1	4	1	1	0.11	1.53		1	0	0	0	0	0	0	0	0	0	0	0	0	0	0			100.0	56.0	75.0	75.0	157.0	114.0	150.0	108.0	12.0	39.0	39.0	20.0	19.0	11.0	9.0	13.0	81.0	81.0	81.0	74.0	74.0	74.0	74.0	0.0	0.0	0.0	0.0	21	0	281.0	0.47
50	0	8	3	1	2	1	1	1	0.28	7.90		1	0	0	0	0	0	0	0	0	0	0	0	0	1	1			100.0	93.3	94.5	94.5	184.0	184.0	33.0	41.3	59.4	5.1	5.1	1.6	3.5	1.1	0.5	1.1	0.0	0.0	0.0	0.0	-77.9	-79.9	-144.3	0.0	0.0	16.3	0.0	149.8	64.3889618922	-39.0	-0.05
49(1)	1	2	4	1	1	1	1	1	0.25	0.55		1	0	0	0	0	0	0	0	0	0	0	0	0	0	0			100.0	57.0	78.0	78.0	159.0	159.0	121.0	123.0	0.0	40.0	40.0	19.0	21.0	13.0	9.0	13.0	100.0	100.0	100.0	94.0	94.0	94.0	78.0	0.0	0.0	0.0	0.0	34	11	334.0	0.56
49(2)	1	2	4	1	1	1	1	1	0.04	0.14		1	0	0	0	0	0	0	0	0	0	0	0	0	0	1			100.0	72.0	85.0	85.0	168.0	168.0	125.0	121.0	0.0	26.0	26.0	13.0	13.0	8.0	5.0	8.0	105.0	105.0	105.0	80.0	80.0	80.0	62.0	0.0	0.0	0.0	0.0	51	8	289.0	0.48
49(3)	1	2	4	1	1	1	1	1	0.01	0.17		1	0	0	0	0	0	0	0	0	0	0	0	0	0	1			100.0	81.0	92.0	92.0	189.0	189.0	155.0	115.0	0.0	19.0	19.0	12.0	7.0	6.0	6.0	6.0	112.0	112.0	112.0	43.0	43.0	43.0	25.0	0.0	0.0	0.0	0.0	89	2	202.0	0.34
48(1)	0	26	3	1	2	1	1	1	0.14	21.00		0	0	0	0	0	0	0	0	0	0	0	0	1	0	0			0.0	-0.7	-1.6	-1.6	-1.7	-2.3	-1.9	-7.9	-100.0	0.3	0.3	0.1	0.2	0.1	0.0	0.1	90.1	90.1	90.1	88.5	88.5	88.5	88.5	0.0	0.0	0.0	0.0	4.15	0	168.5	0.84
47(1)	0	6	5	2	1	1	1	1	0.08	4.10		0	0	0	0	0	0	0	0	0	1	0	0	0	0	0			0.0	-1.0	-4.2	-4.2	-4.7	-13.8	-9.1	72.9	0.0	0.1	1.1	-0.5	1.6	-0.5	0.0	-0.5	61.0	61.0	57.5	52.7	56.2	56.2	73.2	3.5	-1.1	0.0	-100.0	-5.8	-13.5	176.5	0.59
47(2)	0	6	1	1	1	1	1	1	0.17	7.20		0	0	0	0	0	0	0	0	0	1	0	0	0	0	0			0.0	-0.8	-3.4	-3.4	-3.8	-12.3	-8.0	76.5	19.4	0.1	0.9	-0.4	1.3	-0.4	0.0	-0.4	48.4	48.4	46.4	44.0	46.0	46.0	59.2	2.0	-0.9	0.0	-100.0	-5	-11.2	161.6	0.54
47(3)	0	6	5	1	3	1	1	1	0.10	7.90		0	0	0	0	0	0	0	0	0	1	0	0	0	0	0			0.0	-0.7	-2.9	-2.9	-3.3	-5.3	-2.4	89.5	35.0	0.1	0.7	-0.4	1.1	-0.4	0.0	-0.4	47.3	47.3	43.3	41.5	45.5	45.5	52.8	2.2	-0.7	0.0	-100.0	-3.6	-5.1	173.5	0.58
46	1	1	4	2	1	6	0	1	0.14	0.90		1	0	0	0	0	0	0	0	0	0	0	0	0	0	1			100.0	60.3	85.9	-40.7	57.8	56.2	48.0	50.7	-0.2	39.5	39.4	25.6	13.8	13.0	12.6	13.0	47.7	48.0	48.0	46.5	47.0	47.3	42.2	0.0	0.1	0.0	0.0	7.5	5.1	184.3	0.31
45	0	24	3	1	2	1	1	1	0.10	13.80		0	0	0	0	0	0	0	0	0	1	0	0	0	0	0			0.0	-0.7	-2.2	-2.2	-2.5	-3.4	-3.8	91.1	84.0	0.0	0.0	-0.4	0.4	-0.1	-0.3	-0.1	0.7	0.7	0.7	0.0	-0.8	-0.8	0.0	0.0	0.0	0.0	-100.0	1.8	-0.8	89.2	0.30
44	0	1	4	1	1	1	0	1	0.58	4.67		1	0	0	0	0	0	0	0	0	0	0	0	0	0	0			100.0	43.5	71.8	70.6	155.3	138.8	100.2	92.0	13.9	54.4	54.4	29.2	25.2	16.3	12.9	16.3	35.9	35.9	15.7	2.7	22.9	22.9	21.3	20.2	0.0	0.0	0.0	30.9	21.8	155.7	0.26
43(1)	0	3	1	1	1	1	1	1	0.64	9.10		1	0	0	0	0	0	0	0	0	0	0	0	0	0	0			100.0	64.4	79.6	79.6	163.9	151.0	154.6	94.5	58.1	33.2	33.2	15.2	18.0	9.3	5.9	9.3	27.1	27.1	27.1	17.4	17.4	17.4	17.4	0.0	0.0	0.0	0.0	25.9	N.A.	146.3	0.24
43(2)	0	3	1	1	1	1	1	1	0.81	15.20		0.6578947368	0	0	0	0.2763157895	0	0	0.0657894737	0	0	0	0	0	0	0			65.7894736842	36.0526315789	49.7368421053	49.7368421053	104.8026315789	94.8684210526	108.8157894737	63.0921052632	54.5394736842	28.75	28.75	13.75	15	8.1578947368	5.5921052632	8.1578947368	3.4868421053	3.4868421053	3.4868421053	20	26.25	26.25	26.25	0	0	0	16.3157894737	-10.3289473684	N.A.	191.0	0.32
42(1)	1	1	4	1	1	6	1	1	0.11	4.44		1	0	0	0	0	0	0	0	0	0	0	0	0	0	1			100.0	78.0	91.0	91.0	188.0	185.0	150.6	110.6	-4.7	22.4	22.4	13.6	8.8	7.1	6.5	7.1	102.8	102.8	91.2	89.4	101.0	101.0	110.0	11.6	0.0	0.0	0.0	33.1	4.5	285.0	0.48
42(2)	1	1	4	1	1	6	1	1	0.01	2.61		1	0	0	0	0	0	0	0	0	0	0	0	0	0	0			100.0	70.4	90.0	90.0	190.0	190.0	195.5	159.0	8.6	29.6	29.6	19.7	10.0	9.9	9.8	9.9	95.5	95.5	40.5	40.4	95.4	95.4	145.0	55.0	0.0	0.0	0.0	-6.8	5.4	281.7	0.47
41	1	2	1	1	1	1	1	1	0.38	12.60		1	0	0	0	0	0	0	0	0	0	0	0	0	0	0			100.0	28.7	66.8	66.8	150.4	138.8	138.8	66.3	0.0	66.9	66.9	38.7	28.2	20.5	18.2	20.5	40.6	40.6	40.6	29.5	29.1	29.1	29.1	0.0	0.0	0.0	0.8	34.9	N.A.	184.0	0.31
40	0	1	5	2	1	4	1	1	0.22	2.48		1	0	0	0	0	0	0	0	0	0	0	0	0	0	0			100.0	72.2	72.7	72.7	155.8	142.6	110.3	0.0	-144.0	25.9	12.9	1.5	11.4	2.7	-1.2	2.7	59.2	59.2	10.7	0.0	48.5	48.5	49.2	48.5	13.0	0.0	0.0	27.6	47.8	164.5	0.27
39(1)	0	1	5	2	1	1	1	1	0.20	2.48		1	0	0	0	0	0	0	0	0	0	0	0	0	0	0			100.0	78.6	86.2	86.2	174.0	159.0	135.9	117.0	18.0	20.0	20.0	8.3	11.7	5.5	2.8	5.5	73.1	73.1	73.1	65.6	65.6	65.6	65.6	0.0	0.0	0.0	0.0	20	0	255.7	0.43
39(2)	0	1	5	2	1	4	1	1	0.20	2.65		1	0	0	0	0	0	0	0	0	0	0	0	0	0	0			100.0	23.6	66.7	66.7	152.4	141.3	147.3	141.5	0.0	74.8	74.8	43.9	30.9	23.6	20.3	23.6	60.0	60.0	9.0	0.0	50.9	50.9	84.8	50.9	0.0	0.0	0.0	-10.1	17	252.4	0.42
38(1)	1	1	3	1	2	4	1	1	0.23	15.90		1	0	0	0	0	0	0	0	0	0	0	0	0	0	0			100.0	83.0	90.6	90.6	184.3	179.2	166.7	19.5	5.0	17.0	13.2	7.5	5.7	4.4	3.1	4.4	6.9	6.9	3.1	0.0	0.0	0.0	-2.5	3.8	3.8	1.9	148.4	2	1	29.6	0.05
38(2)	1	1	3	1	2	4	1	1	0.30	16.30		1	0	0	0	0	0	0	0	0	0	0	0	0	0	0			100.0	89.0	91.4	91.4	182.2	180.4	166.3	17.2	1.8	10.4	6.7	2.5	4.3	1.8	0.6	1.8	7.4	7.4	4.3	-0.6	-3.7	-3.7	-1.8	3.1	3.7	0.6	147.2	2.3	0.3	15.3	0.03
38(3)	1	1	3	1	2	4	1	1	0.29	19.00		1	0	0	0	0	0	0	0	0	0	0	0	0	0	0			100.0	91.1	96.3	96.3	189.5	185.3	171.6	10.5	0.5	8.4	8.4	5.3	3.2	3.2	2.1	3.2	6.3	6.3	3.7	0.0	-5.3	-5.3	-4.2	2.6	0.0	0.5	148.9	2.6	0.2	10.0	0.02
38(4)	1	1	3	1	2	4	1	1	0.16	7.90		1	0	0	0	0	0	0	0	0	0	0	0	0	0	0			100.0	45.6	77.2	77.2	169.6	164.6	158.2	36.7	6.3	54.4	49.4	31.6	17.7	16.5	15.2	16.5	12.7	12.7	2.5	0.0	2.5	2.5	10.1	10.1	5.1	6.3	115.2	0.5	0.2	84.8	0.14
38(5)	1	1	3	1	2	4	1	1	0.24	15.20		1	0	0	0	0	0	0	0	0	0	0	0	0	0	0			100.0	86.8	94.1	94.1	186.8	186.2	169.7	12.5	1.3	13.2	13.2	7.2	5.9	3.9	3.3	3.9	7.9	7.9	4.6	0.7	-7.2	-7.2	-4.6	3.3	0.0	1.3	132.2	2.5	0.1	15.1	0.03
38(6)	1	1	3	1	2	4	1	1	0.25	16.10		1	0	0	0	0	0	0	0	0	0	0	0	0	0	0			100.0	87.0	95.0	95.0	188.2	188.2	172.7	11.8	1.9	12.4	12.4	8.1	4.3	4.3	3.7	4.3	6.8	6.8	4.3	0.6	-7.5	-7.5	-4.3	2.5	0.0	1.9	132.9	2.5	-0.1	13.0	0.02
38(7)	1	1	3	1	2	4	1	1	0.09	10.20		1	0	0	0	0	0	0	0	0	0	0	0	0	0	0			100.0	72.5	88.2	88.2	184.3	182.4	169.6	2.9	2.0	28.4	25.5	15.7	9.8	7.8	7.8	7.8	2.9	2.9	2.0	0.0	-7.8	-7.8	-6.9	1.0	2.9	6.9	151.0	1.3	0.1	18.6	0.03
38(8)	1	1	3	1	2	4	1	1	0.25	14.60		1	0	0	0	0	0	0	0	0	0	0	0	0	0	0			100.0	80.1	92.5	92.5	183.6	183.6	169.2	15.1	2.7	19.2	19.2	12.3	6.8	6.8	5.5	6.8	6.8	6.8	3.4	0.0	-6.8	-6.8	-2.7	3.4	0.0	11.6	124.0	2.1	-0.1	22.6	0.04
38(9)	1	1	3	1	2	4	1	1	0.25	15.90		1	0	0	0	0	0	0	0	0	0	0	0	0	0	0			100.0	86.2	94.3	94.3	187.4	186.8	171.7	11.3	3.8	13.2	13.2	8.2	5.0	4.4	3.8	4.4	6.9	6.9	3.8	0.6	-6.3	-6.3	-4.4	3.1	0.0	13.2	130.8	2.4	0.2	15.1	0.03
37(1)	0	1	5	2	1	1	1	1	0.049	1.06		1	0	0	0	0	0	0	0	0	0	0	0	0	0	0			100.0	71.0	84.0	84.0	178.4	171.5	172.5	174.6	0.0	28.8	22.9	13.1	9.8	7.6	5.5	7.6	139.8	139.8	114.6	109.8	109.8	135.0	150.8	25.3	5.9	0.0	0.0	-5.1609332522	9.4654231433	436.4	0.73
37(2)	0	1	5	2	1	1	1	1	0.097	1.82		1	0	0	0	0	0	0	0	0	0	0	0	0	0	0			100.0	72.0	83.0	83.0	176.7	168.4	181.7	183.7	0.0	27.7	21.0	11.4	9.6	6.9	4.5	6.9	121.9	121.9	72.5	64.4	64.4	113.8	149.3	49.4	6.7	0.0	0.0	-18.2957693386	13.8494491825	373.7	0.62
37(3)	0	1	5	2	1	1	1	1	0.19	2.80		1	0	0	0	0	0	0	0	0	0	0	0	0	0	0			100.0	55.0	74.0	74.0	165.6	155.1	160.5	163.3	0.0	44.5	34.1	19.2	14.9	11.0	8.2	11.0	101.5	101.5	54.8	45.2	45.2	91.8	124.0	46.6	10.4	0.0	0.0	-11.4571002669	14.4792154339	323.4	0.54
37(4)	0	1	5	2	1	1	1	1	0.3	4.41		1	0	0	0	0	0	0	0	0	0	0	0	0	0	0			100.0	61.0	76.0	76.0	167.5	156.3	137.5	131.6	0.0	38.2	29.3	15.6	13.8	9.2	6.4	9.2	99.3	99.3	82.8	72.9	72.9	89.4	98.0	16.4	8.9	0.0	0.0	12.7705272829	7.776089585	311.6	0.52
37(5)	0	1	5	2	1	1	1	1	0.4	5.75		1	0	0	0	0	0	0	0	0	0	0	0	0	0	0			100.0	64.0	78.0	78.0	167.8	155.9	120.2	112.4	0.0	35.9	28.4	14.4	14.0	8.6	5.8	8.6	95.8	95.8	95.8	85.8	85.8	85.8	78.2	0.0	7.5	0.0	0.0	29.6136316974	7.5744653518	300.4	0.50
35(1)	0	1	5	2	1	1	1	1	0.459	5.18		1	0	0	0	0	0	0	0	0	0	0	0	0	0	0			100.0	35.7	71.2	71.2	157.9	142.1	117.0	96.3	0.0	63.3	63.3	35.9	27.2	19.8	16.1	19.8	54.9	54.9	38.6	28.2	44.6	54.2	62.7	16.3	0.0	0.0	0.0	0.908	N.A.	234.7	0.39
35(2)	0	1	5	2	1	2	1	1	0.392	7.05		1	0	0	0	0	0	0	0	0	0	0	0	0	0	0			100.0	74.3	87.0	87.0	178.6	168.7	147.4	132.1	58.7	25.1	25.1	12.8	12.3	7.6	5.2	7.6	55.0	55.0	53.6	45.4	48.5	54.6	54.6	1.4	0.0	0.0	0.0	1.16	0.4	253.2	0.42
35(3)	0	1	5	2	1	2	1	1	0.289	6.32		1	0	0	0	0	0	0	0	0	0	0	0	0	0	0			100.0	87.8	92.1	92.1	185.3	177.1	160.3	146.5	68.8	11.5	11.5	4.5	7.1	3.2	1.3	3.2	63.1	63.1	62.2	57.0	57.8	62.7	63.3	0.8	0.0	0.0	0.0	0.81	0.1	273.3	0.46
35(4)	0	1	5	2	1	1	1	1	0.2	2.56		1	0	0	0	0	0	0	0	0	0	0	0	0	0	0			100.0	85.2	89.8	89.8	180.5	169.9	145.3	128.9	20.2	14.3	14.3	5.2	9.1	3.9	1.3	3.9	87.9	87.9	87.9	80.5	80.5	87.1	87.1	0.0	0.0	0.0	0.0	0.49	0.01	301.6	0.50
35(5)	0	1	5	2	1	2	1	1	0.2	4.83		1	0	0	0	0	0	0	0	0	0	0	0	0	0	0			100.0	86.5	90.7	90.7	182.0	174.1	152.6	139.5	50.0	12.9	12.9	4.5	8.3	3.6	0.8	3.6	73.6	73.6	73.6	67.5	67.5	73.5	73.5	0.0	0.0	0.0	0.0	0.76	0	285.7	0.48
35(6)	0	1	5	2	1	2	1	1	0.2	5.67		1	0	0	0	0	0	0	0	0	0	0	0	0	0	0			100.0	88.5	92.8	92.8	186.4	181.0	165.8	156.4	97.5	11.1	11.1	4.4	6.7	3.2	1.2	3.2	48.1	48.1	48.1	43.9	43.9	48.1	48.1	0.0	0.0	0.0	0.0	0.63	0	254.0	0.42
34(1)	0	14	2	1	1	1	1	1	0.3	4.48		1	0	0	0	0	0	0	0	0	0	0	0	0	0	0			100.0	-0.2	0.0	0.0	91.7	83.9	89.3	133.5	0.0	99.8	6.0	0.2	5.8	1.6	-1.1	1.6	119.0	119.0	119.0	110.5	110.5	110.5	80.8	0.0	93.8	0.0	0.0	-10.49	0	379.5	0.63
34(2)	0	3	2	1	1	1	1	1	0.3	4.61		1	0	0	0	0	0	0	0	0	0	0	0	0	0	0			100.0	57.9	79.8	79.8	167.3	157.3	160.1	102.0	47.9	38.4	38.4	21.9	16.3	12.6	9.5	12.6	41.2	41.2	41.2	31.2	31.2	31.2	25.2	0.0	0.0	0.0	0.0	49.38	29.46	192.9	0.32
34(3)	0	1	2	1	1	1	1	1	0.39	7.52		1	0	0	0	0	0	0	0	0	0	0	0	0	0	0			100.0	73.9	83.2	83.2	174.7	163.0	126.1	108.8	47.9	25.8	20.4	9.4	11.0	6.0	3.5	6.0	43.0	43.0	43.0	30.2	30.2	30.2	25.0	0.0	5.3	0.0	0.0	72	5.86	136.1	0.23
34(4)	0	11	2	1	1	1	1	1	0.49	4.81		1	0	0	0	0	0	0	0	0	0	0	0	0	0	0			100.0	1.0	0.0	0.0	84.6	66.3	71.1	82.7	0.0	98.3	9.8	-0.8	10.6	1.7	-2.5	1.7	58.4	58.4	58.4	44.5	44.5	44.5	9.8	0.0	88.6	0.0	0.0	-13.51	5.19	214.1	0.36
34(7)	0	33	2	1	1	1	1	1	0.17	2.41		1	0	0	0	0	0	0	0	0	0	0	0	0	0	0			100.0	1.2	0.0	0.0	92.1	81.7	75.5	132.4	0.0	98.8	3.7	-1.2	5.0	0.8	-2.1	0.8	117.8	117.8	117.8	110.0	110.0	110.0	81.3	0.0	94.6	0.0	0.0	52.69	29.57	340.8	0.57
34(8)	0	32	2	1	1	1	1	1	0.7	18.40		1	0	0	0	0	0	0	0	0	0	0	0	0	0	0			100.0	-3.3	-6.2	-6.2	87.0	79.6	81.5	147.4	0.0	102.3	0.0	-3.0	3.0	-0.4	-2.6	-0.4	143.0	143.0	143.0	137.0	137.0	137.0	104.3	0.0	102.3	0.0	0.0	39.7	28.63	416.3	0.69
34(9)	0	10	3	1	2	1	1	1	0.34	61.51		1	0	0	0	0	0	0	0	0	0	0	0	0	0	0			100.0	0.1	0.0	0.0	99.3	98.5	97.1	198.2	0.0	99.8	0.3	-0.1	0.4	0.0	-0.1	0.0	0.5	0.5	0.5	0.0	0.0	0.0	0.0	0.0	99.5	193.2	0.0	56.29	32.61	175.4	0.29
33(1)	0	38	4	1	1	4	1	1	0.061	0.67		1	0	0	0	0	0	0	0	0	0	0	0	0	0	0			100.0	35.8	43.3	43.3	129.9	128.4	122.4	120.9	0.0	19.4	19.4	7.5	11.9	4.5	3.0	4.5	98.5	98.5	98.5	86.6	86.6	43.3	43.3	0.0	41.8	0.0	0.0	26.8656716418	N.A.	298.5	0.50
33(2)	0	38	4	1	1	4	1	1	0.063	1.24		0.52	0	0	0	0	0	0	0	0	0	0	0.48	0	0	0			51.6	0.0	0.8	0.8	94.4	93.6	85.5	110.5	0.0	6.5	6.5	0.8	5.6	0.8	0.0	0.8	97.9	97.9	97.9	91.1	91.1	45.2	45.2	0.0	44.4	0.0	0.0	15.3274193548	N.A.	290.6	0.64
32(1)	1	2	2	1	1	4	1	1	0.39	4.90		1	0	0	0	0	0	0	0	0	0	0	0	0	0	0			100.0	49.8	73.3	73.3	157.5	147.3	147.3	77.5	0.0	46.8	46.8	25.9	20.9	14.0	11.9	14.0	52.5	52.5	52.5	41.2	41.2	41.2	41.2	0.0	0.0	0.0	0.1	34.4	N.A.	183.6	0.31
32(2)	1	2	2	1	1	4	1	1	0.31	4.80		1	0	0	0	0	0	0	0	0	0	0	0	0	0	0			100.0	41.6	72.9	72.9	160.8	152.6	152.6	87.5	0.0	56.2	56.2	33.3	22.9	17.5	15.8	17.5	67.7	67.7	67.7	59.9	59.9	59.9	59.9	0.0	0.0	0.0	0.4	31.5	N.A.	239.8	0.40
31	1	31	4	1	1	1	1	1	0.03	0.58		1	0	0	0	0	0	0	0	0	0	0	0	0	0	0			100.0	0.0	23.9	23.9	119.1	117.8	116.1	152.9	0.0	98.8	39.5	24.4	15.1	12.6	11.8	12.6	141.2	141.2	141.2	135.8	135.8	135.8	135.8	0.0	59.3	0.0	0.0	12.1	N.A.	457.3	0.76
30(1)	0	1	4	1	1	1	1	1	0.82	11.00		1	0	0	0	0	0	0	0	0	0	0	0	0	0	0			100.0	70.0	83.0	83.0	170.0	155.0	118.0	109.0	60.0	30.0	30.0	13.0	17.0	8.0	5.0	8.0	33.0	33.0	33.0	24.0	24.0	24.0	13.0	0.0	0.0	0.0	0.0	32	11	175.0	0.29
30(2)	0	1	1	1	1	1	1	1	0.65	7.10		1	0	0	0	0	0	0	0	0	0	0	0	0	0	0			100.0	70.0	81.0	81.0	169.0	156.0	123.0	110.0	65.0	29.0	25.0	11.0	14.0	7.0	4.0	7.0	27.0	27.0	27.0	18.0	18.0	18.0	12.0	0.0	4.0	0.0	0.0	28	5	157.0	0.26
28(2)	0	1	5	2	1	4	1	1	0.1	1.81		1	0	0	0	0	0	0	0	0	0	0	0	0	0	0			100.0	20.0	65.0	65.0	151.0	151.0	101.6	103.0	0.8	79.0	79.0	45.0	34.0	25.0	22.0	25.0	81.0	81.0	81.0	73.0	73.0	73.0	52.0	0.0	0.0	0.0	0.0	44	21	313.0	0.52
27(1)	1	2	2	1	1	1	1	1	0.082	1.71		1	0	0	0	0	0	0	0	0	0	0	0	0	0	0			100.0	36.2	73.5	70.4	164.5	156.8	156.8	70.9	4.5	62.0	62.0	37.7	24.3	19.6	18.1	19.6	52.9	52.9	52.9	43.5	43.5	43.5	43.5	0.0	0.0	0.0	0.7	44.3	N.A.	185.0	0.31
27(2)	1	2	2	1	1	1	1	1	0.0458	1.93		0	1	0	0	0	0	0	0	0	0	0	0	0	0	0			0.0	-15.2	92.3	72.8	168.2	163.8	163.8	95.2	3.8	14.4	14.4	7.7	6.7	4.2	3.5	4.2	83.3	83.3	83.3	78.9	78.9	78.9	78.9	0.0	0.0	0.0	3.8	33.5	N.A.	238.3	0.40
25(1)	0	1	5	2	1	1	1	1	0.2	3.20		1	0	0	0	0	0	0	0	0	0	0	0	0	0	0			100.0	78.6	86.2	86.2	174.0	159.0	135.9	117.0	18.0	20.0	20.0	8.3	11.7	5.5	2.8	5.5	73.1	73.1	73.1	65.6	65.6	65.6	65.6	0.0	0.0	0.0	0.0	20	0	255.0	0.43
25(2)	0	1	5	2	1	4	1	1	0.2	3.75		1	0	0	0	0	0	0	0	0	0	0	0	0	0	0			100.0	88.8	83.9	83.9	174.0	161.0	131.5	134.0	34.9	10.0	0.0	-4.3	4.3	-1.0	-3.4	-1.0	77.1	77.1	77.1	70.5	70.5	70.5	70.5	0.0	10.0	0.0	0.0	26.2	9	264.0	0.44
25(3)	0	1	5	2	1	4	1	1	0.2	3.82		1	0	0	0	0	0	0	0	0	0	0	0	0	0	0			100.0	98.9	94.2	94.2	164.0	172.0	150.0	137.0	29.0	0.0	0.0	-4.1	4.1	-0.9	-3.2	-0.9	87.0	87.0	87.0	80.8	80.8	80.8	80.8	0.0	0.0	0.0	0.0	19.4	3	288.0	0.48
25(4)	0	1	5	2	1	1	1	1	0.2	7.05		0	0	0	0	0	0	0	0	0	0	1	0	0	0	0			0.0	-3.7	-4.2	-4.2	-9.5	-16.2	-27.7	64.8	4.7	3.1	3.1	-0.2	3.3	0.5	-0.7	0.5	48.8	48.8	48.8	45.4	45.4	45.4	45.4	0.0	0.0	0.0	0.0	10	1.1	153.0	0.51
25(5)	0	1	5	2	1	4	1	1	0.2	6.68		0	0	0	0	0	0	0	0	0	0	1	0	0	0	0			0.0	-0.6	-3.3	-3.3	-8.9	-15.9	-29.0	64.2	5.5	0.0	0.0	-2.3	2.3	-0.5	-1.8	-0.5	46.9	46.9	46.9	43.3	43.3	43.3	43.3	0.0	0.0	0.0	0.0	11.5	2.2	145.0	0.48
25(6)	0	1	5	2	1	4	1	1	0.2	6.28		0	0	0	0	0	0	0	0	0	0	1	0	0	0	0			0.0	-0.7	-3.4	-3.4	-9.2	-16.4	-36.0	63.0	8.9	0.0	0.0	-2.4	2.4	-0.6	-1.9	-0.6	41.8	41.8	41.8	38.1	38.1	38.1	38.1	0.0	0.0	0.0	0.0	17.9	8.3	133.0	0.44
24(1)	0	1	5	2	1	1	1	1	0.2	2.74		1	0	0	0	0	0	0	0	0	0	0	0	0	0	0			100.0	72.2	84.1	84.1	160.2	160.2	126.1	97.1	18.0	26.8	26.8	12.9	13.9	8.9	4.0	8.9	63.1	63.1	53.1	53.1	53.1	53.1	53.1	0.0	0.0	0.0	0.0	27.1	N.A.	203.0	0.34
24(2)	0	1	5	2	1	4	1	1	0.2	1.86		1	0	0	0	0	0	0	0	0	0	0	0	0	0	0			100.0	83.9	89.4	89.4	168.2	168.2	160.6	131.6	0.0	15.1	15.1	6.5	8.6	3.6	2.9	3.6	96.7	96.7	77.8	70.8	89.7	89.7	108.6	18.9	0.0	0.0	0.0	-0.05	N.A.	295.4	0.49
23(1)	1	1	4	1	1	6	1	1	0.01	2.32		1	0	0	0	0	0	0	0	0	0	0	0	0	0	0			100.0	46.0	75.0	75.0	155.0	155.0	114.0	114.0	0.0	54.0	54.0	29.0	25.0	25.0	5.0	25.0	114.0	114.0	114.0	114.0	114.0	114.0	113.6	0.0	0.0	0.0	0.0	0.3735632184	N.A.	364.4	0.61
23(2)	1	1	4	1	1	6	1	1	0.01	1.76		1	0	0	0	0	0	0	0	0	0	0	0	0	0	0			100.0	61.0	81.0	81.0	162.0	162.0	123.0	123.0	0.0	39.0	39.0	19.0	20.0	19.0	0.0	19.0	123.0	123.0	123.0	123.0	123.0	123.0	122.4	0.0	0.0	0.0	0.0	0.584691708	N.A.	422.2	0.70
23(3)	1	1	4	1	1	6	1	1	0.01	1.51		1	0	0	0	0	0	0	0	0	0	0	0	0	0	0			100.0	94.0	94.0	94.0	183.0	183.0	160.0	160.0	0.0	6.0	6.0	0.0	6.0	6.0	-6.0	6.0	160.0	160.0	160.0	160.0	160.0	160.0	159.6	0.0	0.0	0.0	0.0	0.3780718336	N.A.	394.7	0.66
22(1)	0	1	2	1	1	1	1	1	0.67	7.50		1	0	0	0	0	0	0	0	0	0	0	0	0	0	0			100.0	72.0	81.0	81.0	167.0	151.0	110.0	93.0	42.0	27.0	25.0	14.0	11.0	2.0	12.0	2.0	30.0	30.0	30.0	18.0	18.0	18.0	11.0	0.0	0.0	0.0	0.0	34	7	139.0	0.23
22(2)	0	1	2	1	1	4	1	1	0.52	8.40		1	0	0	0	0	0	0	0	0	0	0	0	0	0	0			100.0	52.0	75.0	75.0	165.0	153.0	122.0	110.0	69.0	47.0	42.0	34.0	8.0	5.0	29.0	5.0	25.0	25.0	25.0	15.0	15.0	15.0	11.0	0.0	0.0	0.0	0.0	26	4	170.0	0.28
22(3)	0	1	2	1	1	4	1	1	0.52	8.70		1	0	0	0	0	0	0	0	0	0	0	0	0	0	0			100.0	99.0	97.0	97.0	190.0	179.0	144.0	134.0	56.0	0.0	0.0	-3.0	3.0	0.0	-3.0	0.0	64.0	64.0	64.0	55.0	55.0	55.0	45.0	0.0	0.0	0.0	0.0	30	10	233.0	0.39
22(4)	0	1	2	1	1	4	1	1	0.18	2.90		1	0	0	0	0	0	0	0	0	0	0	0	0	0	0			100.0	0.0	54.0	54.0	146.0	136.0	137.0	132.0	0.0	100.0	88.0	83.0	5.0	12.0	71.0	12.0	85.0	85.0	53.0	43.0	43.0	75.0	102.0	32.0	0.0	0.0	0.0	-6	5	327.0	0.55
21	1	2	5	2	1	1	1	1	0.1	1.34		1	0	0	0	0	0	0	0	0	0	0	0	0	0	0			100.0	73.6	84.3	84.3	171.9	160.7	130.0	105.0	0.0	24.9	24.9	11.2	13.7	6.9	4.3	6.9	80.3	80.3	80.3	78.4	72.3	72.3	72.3	0.0	0.0	0.0	0.0	11.7	N.A.	241.4	0.40
20(1)	1	2	3	1	1	4	1	1	0.2	3.13		1	0	0	0	0	0	0	0	0	0	0	0	0	0	0			100.0	60.0	79.0	79.0	167.0	159.0	159.0	118.0	0.0	38.0	38.0	21.0	17.0	11.0	10.0	11.0	101.0	101.0	101.0	92.0	92.0	92.0	92.0	0.0	0.0	0.0	0.0	23	N.A.	356.0	0.59
20(2)	1	2	3	1	1	4	1	1	0.2	3.23		1	0	0	0	0	0	0	0	0	0	0	0	0	0	0			100.0	66.0	79.0	79.0	167.0	159.0	159.0	111.0	0.0	30.0	30.0	16.0	14.0	9.0	7.0	9.0	95.0	95.0	95.0	86.0	86.0	86.0	86.0	0.0	0.0	0.0	0.0	27	N.A.	324.0	0.54
20(3)	1	2	3	1	1	4	1	1	0.2	3.29		1	0	0	0	0	0	0	0	0	0	0	0	0	0	0			100.0	63.0	80.0	80.0	167.0	160.0	160.0	105.0	0.0	34.0	34.0	19.0	15.0	10.0	9.0	10.0	88.0	88.0	88.0	80.0	80.0	80.0	80.0	0.0	0.0	0.0	0.0	30	N.A.	304.0	0.51
19(1)	0	1	5	2	1	1	1	1	0.1	1.40		1	0	0	0	0	0	0	0	0	0	0	0	0	0	0			100.0	67.5	84.0	84.0	174.0	164.0	128.5	108.0	0.0	31.5	31.5	17.0	14.5	10.0	7.0	10.0	88.0	88.0	88.0	79.0	79.0	79.0	73.5	0.0	0.0	0.0	0.0	41.0	14.0	300.0	0.50
19(2)	0	1	5	2	1	1	1	1	0.32	4.00		1	0	0	0	0	0	0	0	0	0	0	0	0	0	0			100.0	59.0	81.0	81.0	169.0	159.0	125.0	97.0	0.0	40.0	40.0	22.0	18.0	13.0	9.0	13.0	75.0	75.0	75.0	65.0	65.0	65.0	65.0	0.0	0.0	0.0	0.0	27	3	277.5	0.46
19(3)	0	1	5	2	1	1	1	1	0.55	6.40		1	0	0	0	0	0	0	0	0	0	0	0	0	0	0			100.0	73.0	85.0	85.0	172.0	161.0	124.0	93.0	0.0	26.0	26.0	12.0	14.0	8.0	4.0	8.0	70.0	70.0	70.0	58.0	58.0	58.0	58.0	0.0	0.0	0.0	0.0	29	0	259.4	0.43
19(4)	0	1	5	2	1	4	1	1	0.1	1.20		1	0	0	0	0	0	0	0	0	0	0	0	0	0	0			100.0	69.0	84.0	84.0	172.0	161.0	137.0	113.0	0.0	30.0	30.0	16.0	14.0	10.0	6.0	10.0	74.0	74.0	57.0	46.0	63.0	63.0	74.0	17.0	0.0	0.0	0.0	16	0	241.7	0.40
18(2)	0	1	5	3	1	1	1	1	0.1	2.90		1	0	0	0	0	0	0	0	0	0	0	0	0	0	0			100.0	85.0	89.0	89.0	180.0	175.0	144.0	145.0	56.0	11.0	11.0	5.0	6.0	3.0	2.0	3.0	78.0	78.0	78.0	73.0	73.0	72.0	58.0	0.0	0.0	1.0	0.0	27	14	294.0	0.49
18(3)	0	1	5	2	1	4	1	1	0.1	1.30		1	0	0	0	0	0	0	0	0	0	0	0	0	0	0			100.0	0.0	58.0	58.0	148.0	137.0	143.0	122.0	0.0	99.0	94.0	59.0	35.0	31.0	28.0	31.0	64.0	64.0	26.0	16.0	54.0	54.0	91.0	37.0	5.0	0.0	0.0	-12	0	270.0	0.45
18(4)	0	1	5	3	1	4	1	1	0.1	1.60		1	0	0	0	0	0	0	0	0	0	0	0	0	0	0			100.0	0.0	50.0	50.0	135.0	127.0	116.0	109.0	20.0	93.0	80.0	50.0	30.0	26.0	24.0	26.0	58.0	58.0	44.0	37.0	50.0	50.0	63.0	14.0	13.0	0.0	0.0	6	0	264.0	0.44
18(5)	0	1	5	2	1	4	1	1	0.1	1.40		1	0	0	0	0	0	0	0	0	0	0	0	0	0	0			100.0	99.0	94.0	94.0	184.0	173.0	134.0	114.0	0.0	0.0	0.0	-4.0	4.0	0.0	-4.0	0.0	93.0	93.0	93.0	83.0	83.0	83.0	76.0	0.0	0.0	0.0	0.0	33	7	264.0	0.44
18(6)	0	1	5	3	1	4	1	1	0.1	2.80		1	0	0	0	0	0	0	0	0	0	0	0	0	0	0			100.0	93.0	91.0	91.0	179.0	174.0	132.0	122.0	96.0	0.0	0.0	-2.0	2.0	0.0	-2.0	0.0	16.0	16.0	16.0	11.0	11.0	10.0	-17.0	0.0	0.0	1.0	0.0	39	28	138.0	0.23
17(1)	0	1	5	2	1	1	1	1	0.11	7.18		0	0	0	0	0	0	0	0	0	0	0	0	1	0	0			0.0	-2.1	-2.3	-2.3	-5.2	-5.2	-8.9	-1.0	-100.0	1.7	1.7	1.8	-0.1	0.3	-0.4	0.3	73.4	73.4	52.8	51.0	71.6	71.6	86.3	20.6	0.0	0.0	0.0	-10	6.71	122.0	0.61
17(2)	0	1	5	2	1	1	1	1	0.22	14.43		0	0	0	0	0	0	0	0	0	0	0	0	1	0	0			0.0	-1.9	-2.3	-2.3	-5.2	-5.2	-9.1	-1.7	-100.0	1.6	1.6	1.8	-0.2	0.2	-0.4	0.2	72.8	72.8	51.0	49.1	70.9	70.9	86.0	21.8	0.0	0.0	0.0	-9.81	5.83	120.0	0.60
17(3)	0	1	5	2	1	1	1	1	0.11	2.78		1	0	0	0	0	0	0	0	0	0	0	0	0	0	0			100.0	70.0	81.8	81.8	167.0	148.3	119.8	95.3	13.6	28.3	28.3	12.6	15.7	8.0	4.6	8.0	50.0	50.0	50.0	40.6	40.6	40.6	40.6	0.0	0.0	0.0	0.0	24.2	0	188.8	0.31
17(4)	0	1	5	2	1	1	1	1	0.22	5.92		1	0	0	0	0	0	0	0	0	0	0	0	0	0	0			100.0	55.3	77.0	77.0	162.6	144.3	115.8	92.5	16.4	43.0	43.0	22.6	20.4	13.0	9.6	13.0	45.2	45.2	45.2	36.0	36.0	36.0	36.0	0.0	0.0	0.0	0.0	24.6	0	192.1	0.32
15(1)	0	1	4	1	1	1	1	1	0.71	10.60		1	0	0	0	0	0	0	0	0	0	0	0	0	0	0			100.0	76.6	N.A.	N.A.	N.A.	175.0	140.7	63.2	55.4	22.3	21.0	9.0	12.0	6.0	3.0	6.0	44.0	44.0	44.0	44.0	38.2	38.2	38.1	0.0	0.0	5.8	0.0	17.2	0	155.0	0.26
15(2)	0	1	4	1	1	4	1	1	0.1	1.10		1	0	0	0	0	0	0	0	0	0	0	0	0	0	0			100.0	40.3	N.A.	N.A.	N.A.	164.0	128.3	112.7	0.0	58.5	58.0	N.A.	N.A.	N.A.	N.A.	N.A.	94.0	94.0	94.0	94.0	87.8	87.8	88.0	0.0	0.0	0.0	0.0	20.8	0	337.9	0.56
15(3)	0	1	4	1	1	4	1	1	0.42	5.50		1	0	0	0	0	0	0	0	0	0	0	0	0	0	0			100.0	93.1	N.A.	N.A.	N.A.	176.0	128.6	111.2	36.0	5.3	5.0	-2.0	7.0	1.0	-3.0	1.0	40.0	40.0	40.0	40.0	32.2	32.2	28.5	0.0	0.0	12.0	0.0	25.2	3.7	174.7	0.29
15(4)	0	1	4	1	1	4	1	1	0.49	8.40		1	0	0	0	0	0	0	0	0	0	0	0	0	0	0			100.0	89.2	N.A.	N.A.	N.A.	181.0	141.3	68.0	53.1	9.6	9.0	2.0	7.0	2.0	0.0	2.0	51.0	51.0	51.0	51.0	44.6	44.6	34.8	0.0	0.0	13.9	0.0	26.4	9.8	162.4	0.27
11(1)	0	1	5	2	1	1	1	1	0.09	1.40		1	0	0	0	0	0	0	0	0	0	0	0	0	0	0			100.0	54.0	77.0	77.0	169.0	159.0	123.0	108.0	0.0	44.0	44.0	32.0	12.0	17.0	15.0	17.0	93.0	93.0	93.0	83.0	83.0	83.0	75.0	0.0	0.0	0.0	0.0	28	7	350.0	0.58
11(2)	0	1	5	2	1	1	1	1	0.4	4.80		1	0	0	0	0	0	0	0	0	0	0	0	0	0	0			100.0	77.0	85.0	85.0	172.0	159.0	119.0	99.0	0.0	21.0	21.0	8.0	13.0	6.0	2.0	6.0	80.0	80.0	80.0	68.0	68.0	68.0	61.0	0.0	0.0	0.0	0.0	33	7	258.3	0.43
11(3)	0	1	5	3	1	1	1	1	0.09	2.20		1	0	0	0	0	0	0	0	0	0	0	0	0	0	0			100.0	96.0	94.0	94.0	186.0	180.0	131.0	147.0	59.0	1.0	1.0	-2.0	3.0	0.0	-2.0	0.0	73.0	73.0	73.0	67.0	67.0	67.0	34.0	0.0	0.0	0.0	0.0	46	33	236.4	0.39
11(4)	0	1	5	2	1	4	1	1	0.08	1.40		1	0	0	0	0	0	0	0	0	0	0	0	0	0	0			100.0	99.0	96.0	96.0	189.0	180.0	100.0	138.0	0.0	1.0	1.0	-3.0	4.0	0.0	-3.0	0.0	123.0	123.0	123.0	115.0	115.0	115.0	57.0	0.0	0.0	0.0	0.0	76	59	400.0	0.67
11(5)	0	1	5	2	1	4	1	1	0.4	5.00		1	0	0	0	0	0	0	0	0	0	0	0	0	0	0			100.0	71.0	83.0	83.0	171.0	159.0	100.0	105.0	0.0	28.0	28.0	13.0	15.0	8.0	5.0	8.0	77.0	77.0	77.0	67.0	67.0	67.0	37.0	0.0	0.0	0.0	0.0	53	30	274.0	0.46
11(6)	0	1	5	3	1	4	1	1	0.08	2.70		1	0	0	0	0	0	0	0	0	0	0	0	0	0	0			100.0	60.0	79.0	79.0	166.0	161.0	100.0	122.0	44.0	31.0	31.0	19.0	12.0	10.0	9.0	10.0	67.0	67.0	67.0	50.0	50.0	46.0	14.0	0.0	0.0	0.0	0.0	58	32	233.3	0.39
10(1)	1	3	5	2	1	4	1	1	0.12	2.10		1	0	0	0	0	0	0	0	0	0	0	0	0	0	0			100.0	77.1	84.8	84.8	169.5	158.6	178.1	110.5	0.0	20.0	20.0	7.6	12.4	4.8	2.9	4.8	98.1	98.1	98.1	90.5	90.5	90.5	90.5	0.0	0.0	0.0	0.0	0.38	0	301.0	0.50
10(2)	1	3	5	2	1	4	1	1	0.12	2.41		0.7468879668	0	0	0.25	0	0	0	0	0	0	0	0	0	0	0			75.0	58.3	79.2	79.2	165.8	154.6	150.4	111.3	0.0	12.9	38.3	21.3	17.1	11.7	9.6	11.7	100.4	100.4	100.4	93.3	93.3	93.3	84.6	0.0	0.0	0.0	0.0	0.61	0.21	326.7	0.54
10(3)	1	3	5	2	1	4	1	1	0.1	3.15		0.4571428571	0	0	0	0	0	0	0	0	0	0	0	0.54	0	0			46.0	40.6	39.9	39.9	77.3	70.6	75.1	41.5	-54.6	3.2	3.2	1.3	1.9	0.3	1.0	0.3	89.8	89.8	89.8	86.3	86.3	86.3	79.5	0.0	0.0	0.0	0.0	0.5	0.21	211.5	0.55
10(4)	1	3	5	2	1	4	1	1	0.12	3.27		0.6819571865	0	0	0	0	0	0	0	0	0	0	0	0.32	0	0			68.0	56.7	57.3	57.3	113.4	105.5	114.0	72.3	-31.7	8.5	8.5	1.2	7.3	1.2	0.0	1.2	96.1	96.1	96.1	90.9	90.9	90.9	84.8	0.0	0.0	0.0	0.0	0.61	0.2	255.2	0.54
10(5)	1	3	5	2	1	4	1	1	0.1	2.24		0.7589285714	0	0	0	0	0.24	0	0	0	0	0	0	0	0	0			76.0	64.4	66.2	66.2	131.0	121.2	132.3	106.8	0.0	8.9	8.9	2.2	6.7	2.2	0.0	2.2	97.5	121.6	121.6	116.7	116.7	116.7	116.7	0.0	0.0	0.0	0.0	-0.22	0	363.9	0.64
9(1)	1	2	5	2	1	4	1	1	0.075	1.48		0.8378378378	0	0	0	0	0	0	0	0	0.16	0	0	0	0	0			84.0	N.A.	N.A.	N.A.	N.A.	130.1	117.9	82.6	0.0	N.A.	N.A.	N.A.	N.A.	N.A.	N.A.	N.A.	69.8	69.8	67.7	65.7	N.A.	N.A.	N.A.	2.0	0.0	0.0	-16.3	0.53	0.09	260.8	0.40
9(2)	1	2	5	2	1	6	1	1	0.075	1.44		0.8402777778	0	0	0	0	0	0	0	0	0.16	0	0	0	0	0			84.0	N.A.	N.A.	N.A.	N.A.	144.4	170.1	114.5	0.0	N.A.	N.A.	N.A.	N.A.	N.A.	N.A.	N.A.	101.4	101.4	90.9	80.5	N.A.	N.A.	N.A.	10.4	0.0	0.0	-16.0	0.58	0.37	306.8	0.47
9(3)	1	2	5	2	1	1	1	1	0.075	1.42		0.838028169	0	0	0	0	0	0	0	0	0.16	0	0	0	0	0			84.0	N.A.	N.A.	N.A.	N.A.	144.0	184.9	108.7	0.0	N.A.	N.A.	N.A.	N.A.	N.A.	N.A.	N.A.	95.3	95.3	89.6	84.0	N.A.	N.A.	N.A.	5.6	0.0	0.0	-16.2	0.39	0.09	288.0	0.44
9(4)	1	2	5	2	1	1	1	1	0.25	3.38		0.8402366864	0	0	0	0	0	0	0	0	0.16	0	0	0	0	0			84.0	N.A.	N.A.	N.A.	N.A.	129.0	134.6	71.9	0.0	N.A.	N.A.	N.A.	N.A.	N.A.	N.A.	N.A.	53.2	53.2	50.0	46.7	N.A.	N.A.	N.A.	3.3	0.0	0.0	-16.0	1.1	0.14	229.2	0.35
8(1)	1	3	5	2	1	4	1	1	0.11	1.98		1	0	0	0	0	0	0	0	0	0	0	0	0	0	0			100.0	77.0	85.0	85.0	170.0	158.0	178.0	110.0	0.0	20.0	20.0	8.0	12.0	5.0	3.0	5.0	98.0	98.0	98.0	91.0	91.0	91.0	91.0	0.0	0.0	0.0	0.0	18	0	338.9	0.56
8(2)	1	3	5	2	1	4	1	1	0.44	7.05		1	0	0	0	0	0	0	0	0	0	0	0	0	0	0			100.0	63.0	81.0	81.0	167.0	151.0	150.0	96.0	1.0	34.0	34.0	17.0	17.0	10.0	7.0	10.0	85.0	85.0	85.0	76.0	76.0	76.0	71.0	0.0	0.0	0.0	0.0	26	0	279.6	0.47
7(1)	1	3	5	2	1	4	1	1	0.1	1.80		1	0	0	0	0	0	0	0	0	0	0	0	0	0	0			100.0	77.0	85.0	85.0	170.0	158.0	178.0	110.0	0.0	20.0	20.0	8.0	12.0	5.0	3.0	5.0	98.0	98.0	98.0	91.0	91.0	91.0	91.0	0.0	0.0	0.0	0.0	18	3	304.0	0.51
7(2)	1	3	5	3	1	4	1	1	0.1	2.20		1	0	0	0	0	0	0	0	0	0	0	0	0	0	0			100.0	91.0	91.0	91.0	179.0	170.0	186.0	129.0	1.0	6.0	6.0	0.0	6.0	1.0	-1.0	1.0	118.0	118.0	118.0	112.0	112.0	110.0	100.0	0.0	0.0	0.0	0.0	27	0	338.0	0.56
7(3)	1	3	5	4	1	4	1	1	0.1	3.40		1	0	0	0	0	0	0	0	0	0	0	0	0	0	0			100.0	40.0	77.0	77.0	171.0	167.0	162.0	92.0	68.0	59.0	59.0	37.0	22.0	19.0	18.0	19.0	14.0	14.0	14.0	11.0	11.0	7.0	7.0	0.0	0.0	0.0	0.0	11	11	176.0	0.29
7(4)	1	3	5	2	1	4	1	1	0.4	6.70		1	0	0	0	0	0	0	0	0	0	0	0	0	0	0			100.0	63.0	81.0	81.0	167.0	151.0	150.0	96.0	1.0	34.0	34.0	17.0	17.0	10.0	7.0	10.0	85.0	85.0	85.0	76.0	76.0	76.0	76.0	0.0	0.0	0.0	0.0	26	0	265.0	0.44
7(5)	1	3	5	3	1	4	1	1	0.4	7.10		1	0	0	0	0	0	0	0	0	0	0	0	0	0	0			100.0	57.0	79.0	79.0	166.0	155.0	163.0	103.0	25.0	40.0	40.0	22.0	18.0	12.0	10.0	12.0	68.0	68.0	68.0	61.0	61.0	57.0	57.0	0.0	0.0	0.0	0.0	23	3	252.0	0.42
7(6)	1	3	5	4	1	4	1	1	0.4	9.40		1	0	0	0	0	0	0	0	0	0	0	0	0	0	0			100.0	53.0	78.0	78.0	166.0	156.0	153.0	86.0	59.0	44.0	44.0	24.0	20.0	13.0	11.0	13.0	19.0	19.0	19.0	12.0	12.0	10.0	10.0	0.0	0.0	0.0	0.0	39	3	125.0	0.21
5	1	2	5	2	1	1	1	1	0.1	1.34		0.8432835821	0	0	0	0	0	0	0	0	0.16	0	0	0	0	0			84.0	61.0	69.9	69.9	142.0	133.1	194.0	102.6	0.0	21.6	21.6	9.7	11.9	5.9	3.7	5.9	80.3	80.3	78.8	71.4	71.4	71.4	63.9	1.5	0.0	0.0	-15.6	0.29	0.1	261.7	0.40
4(1)	0	10	5	2	2	1	1	1	0.104	31.50		1	0	0	0	0	0	0	0	0	0	0	0	0	0	0			100.0	0.2	0.0	0.0	99.4	98.8	97.4	1.0	0.0	99.8	0.4	0.1	0.3	0.0	0.1	0.0	0.3	0.3	0.0	0.0	0.0	0.0	0.0	0.0	99.4	190.2	0.0	0.8	N.A.	193.2	0.32
4(2)	0	10	5	1	2	1	1	1	0.1	28.14		0	1	0	0	0	0	0	0	0	0	0	0	0	0	0			0.0	-99.9	0.0	0.0	99.6	97.1	95.5	1.2	0.0	99.9	0.4	0.1	0.3	0.0	0.1	0.0	0.3	0.3	0.0	0.0	0.0	0.0	0.0	0.0	99.6	188.8	0.0	0.9	N.A.	191.0	0.32
4(3)	0	10	5	1	2	6	1	1	0.018	6.48		0	0	0	0	0	0	1	0	0	0	0	0	0	0	0			0.0	-71.6	0.0	0.0	93.4	93.1	92.4	0.9	0.0	71.6	13.0	23.1	36.1	35.8	35.8	35.8	0.2	0.2	0.0	0.0	0.0	0.0	0.0	0.0	58.6	145.4	0.0	0.7	N.A.	163.0	0.33
2(1)	1	2	5	2	1	6	1	1	0.082	1.38		1	0	0	0	0	0	0	0	0	0	0	0	0	0	0			100.0	72.2	85.4	85.4	176.4	176.4	155.9	121.9	0.0	26.4	26.4	13.5	12.9	7.6	5.9	7.6	85.9	85.9	85.9	78.6	78.6	78.6	78.6	0.0	0.0	0.0	0.0	44.3	N.A.	275.7	0.46
2(2)	1	2	5	2	1	6	1	1	0.082	1.61		1	0	0	0	0	0	0	0	0	0	0	0	0	0	0			100.0	22.7	69.8	69.8	162.1	162.1	145.3	102.3	0.0	76.3	76.3	47.5	28.8	24.4	23.1	24.4	57.9	57.9	57.9	51.9	51.9	51.9	51.9	0.0	0.0	0.0	0.0	35.6	N.A.	252.0	0.42
1(1)	1	3	5	2	1	4	1	1	0.11	2.12		1	0	0	0	0	0	0	0	0	0	0	0	0	0	0			100.0	27.0	68.0	68.0	147.0	140.0	154.0	96.0	11.0	72.0	72.0	44.0	28.0	23.0	21.0	23.0	85.0	85.0	85.0	79.0	79.0	79.0	64.0	0.0	0.0	0.0	0.0	31	16	317.0	0.53
1(2)	1	3	5	2	1	4	1	1	0.41	5.50		1	0	0	0	0	0	0	0	0	0	0	0	0	0	0			100.0	35.0	68.0	68.0	141.0	130.0	121.0	68.0	16.0	64.0	64.0	35.0	26.0	18.0	17.0	18.0	52.0	52.0	52.0	44.0	44.0	44.0	35.0	0.0	0.0	0.0	0.0	31	9	206.0	0.34
1(3)	1	3	5	2	1	4	1	1	0.62	8.27		1	0	0	0	0	0	0	0	0	0	0	0	0	0	0			100.0	34.0	68.0	68.0	140.0	129.0	119.0	65.0	16.0	65.0	65.0	36.0	27.0	19.0	17.0	19.0	49.0	49.0	49.0	41.0	41.0	41.0	35.0	0.0	0.0	0.0	0.0	29	6	197.0	0.33
0	1	2	5	2	1	4	1	1	0.1	1.45		1	0	0	0	0	0	0	0	0	0	0	0	0	0	1			100.0	32.2	71.5	71.5	161.9	160.9	160.9	86.6	0.0	66.4	66.4	39.7	26.7	20.8	18.9	20.8	62.2	62.2	62.0	53.7	53.7	53.7	54.0	0.2	0.0	0.0	0.0	38	N.A.	275.1	0.46
